model,feature_set,experiment,accuracy_mean,accuracy_std,precision_mean,precision_std,recall_mean,recall_std,f1_mean,f1_std,auc_mean,auc_std,brier_mean,brier_std,error_rate_mean,error_rate_std,fnr_mean,fnr_std,sex_group_dp_diff_mean,sex_group_dp_diff_std,sex_group_di_ratio_mean,sex_group_di_ratio_std,sex_group_tpr_gap_mean,sex_group_tpr_gap_std,sex_group_fpr_gap_mean,sex_group_fpr_gap_std,sex_group_fnr_gap_mean,sex_group_fnr_gap_std,sex_group_accuracy_gap_mean,sex_group_accuracy_gap_std,sex_group_equalized_odds_diff_mean,sex_group_equalized_odds_diff_std,sex_group_worst_group_sensitivity_mean,sex_group_worst_group_sensitivity_std,sex_group_macro_avg_fnr_mean,sex_group_macro_avg_fnr_std,sex_group_group_auc_mean_mean,sex_group_group_auc_mean_std,sex_group_group_brier_mean_mean,sex_group_group_brier_mean_std,age_group_dp_diff_mean,age_group_dp_diff_std,age_group_di_ratio_mean,age_group_di_ratio_std,age_group_tpr_gap_mean,age_group_tpr_gap_std,age_group_fpr_gap_mean,age_group_fpr_gap_std,age_group_fnr_gap_mean,age_group_fnr_gap_std,age_group_accuracy_gap_mean,age_group_accuracy_gap_std,age_group_equalized_odds_diff_mean,age_group_equalized_odds_diff_std,age_group_worst_group_sensitivity_mean,age_group_worst_group_sensitivity_std,age_group_macro_avg_fnr_mean,age_group_macro_avg_fnr_std,age_group_group_auc_mean_mean,age_group_group_auc_mean_std,age_group_group_brier_mean_mean,age_group_group_brier_mean_std,income_group_dp_diff_mean,income_group_dp_diff_std,income_group_di_ratio_mean,income_group_di_ratio_std,income_group_tpr_gap_mean,income_group_tpr_gap_std,income_group_fpr_gap_mean,income_group_fpr_gap_std,income_group_fnr_gap_mean,income_group_fnr_gap_std,income_group_accuracy_gap_mean,income_group_accuracy_gap_std,income_group_equalized_odds_diff_mean,income_group_equalized_odds_diff_std,income_group_worst_group_sensitivity_mean,income_group_worst_group_sensitivity_std,income_group_macro_avg_fnr_mean,income_group_macro_avg_fnr_std,income_group_group_auc_mean_mean,income_group_group_auc_mean_std,income_group_group_brier_mean_mean,income_group_group_brier_mean_std,education_group_dp_diff_mean,education_group_dp_diff_std,education_group_di_ratio_mean,education_group_di_ratio_std,education_group_tpr_gap_mean,education_group_tpr_gap_std,education_group_fpr_gap_mean,education_group_fpr_gap_std,education_group_fnr_gap_mean,education_group_fnr_gap_std,education_group_accuracy_gap_mean,education_group_accuracy_gap_std,education_group_equalized_odds_diff_mean,education_group_equalized_odds_diff_std,education_group_worst_group_sensitivity_mean,education_group_worst_group_sensitivity_std,education_group_macro_avg_fnr_mean,education_group_macro_avg_fnr_std,education_group_group_auc_mean_mean,education_group_group_auc_mean_std,education_group_group_brier_mean_mean,education_group_group_brier_mean_std,intersection_group_dp_diff_mean,intersection_group_dp_diff_std,intersection_group_di_ratio_mean,intersection_group_di_ratio_std,intersection_group_tpr_gap_mean,intersection_group_tpr_gap_std,intersection_group_fpr_gap_mean,intersection_group_fpr_gap_std,intersection_group_fnr_gap_mean,intersection_group_fnr_gap_std,intersection_group_accuracy_gap_mean,intersection_group_accuracy_gap_std,intersection_group_equalized_odds_diff_mean,intersection_group_equalized_odds_diff_std,intersection_group_worst_group_sensitivity_mean,intersection_group_worst_group_sensitivity_std,intersection_group_macro_avg_fnr_mean,intersection_group_macro_avg_fnr_std,intersection_group_group_auc_mean_mean,intersection_group_group_auc_mean_std,intersection_group_group_brier_mean_mean,intersection_group_group_brier_mean_std
Logistic Regression,Original Features,raw_dataset,0.7171008521448173,0.001565643245596257,0.32039547449349015,0.001366213668885181,0.7578426850360174,0.004550217823026174,0.450378428197164,0.0017119609887738764,0.8094005940832296,0.00298061248843486,0.18289199024006786,0.0008356263876313864,0.2828991478551828,0.0015656432455962571,0.24215731496398257,0.004550217823026174,0.07027671094372405,0.0032836765216534953,0.8248474361040244,0.007529327217746318,0.021369010241101938,0.006529664139237258,0.0661983726162957,0.004386319877137497,0.021369010241101973,0.006529664139237216,0.05142524455600106,0.004028964743516193,0.0661983726162957,0.004386319877137497,0.7476468654938255,0.006237921629987224,0.24166862938562347,0.004595415210172984,0.8075395963807701,0.0029350360764221466,0.18461736365543283,0.0009019812558801622,0.4918169870634682,0.0049420501844512485,0.13451098820664834,0.007517735791424559,0.4037344981083447,0.03557690562123598,0.4352109178113953,0.003667508436903751,0.40373449810834483,0.035576905621236,0.3410178460276265,0.002862010094283126,0.43978922111305635,0.011544252431928926,0.4269235967941788,0.032356146893118,0.3415946256312251,0.007998485871002717,0.7959111369321159,0.001181998017637722,0.16790825679380122,0.0007850634862478073,0.341168470729701,0.004309619688024788,0.4148689433366924,0.0054837401342982,0.23446464883766768,0.018341340903478248,0.2980446379540963,0.005499449299300114,0.23446464883766768,0.01834134090347825,0.1918575610196414,0.005622531824661672,0.2980446379540963,0.005499449299300114,0.6381763890793564,0.010065417917262755,0.23334405550297857,0.004673317536737587,0.7930351292634901,0.003278718700476772,0.20074586883377016,0.0009468335788797876,0.3956801909630279,0.021440053714155038,0.39781483593436323,0.013021557795974378,0.2184844899823303,0.0253287138488165,0.3534146120313516,0.025769152706821122,0.21848448998233025,0.025328713848816475,0.20763108252828255,0.018522593106814953,0.3534146120313516,0.025769152706821122,0.6725701409278807,0.0024062696824261507,0.21618126698543208,0.009777073361489374,0.79211732498803,0.0067984568246468,0.208026885920372,0.0024209846152366756,0.5622325508627848,0.002085044669974369,0.1063644835633996,0.00690781687817667,0.4285355066786236,0.03342572859357105,0.5096979255037509,0.0014503097543851855,0.4285355066786236,0.03342572859357107,0.3845077750356132,0.0015624178902952218,0.5096979255037509,0.0014503097543851855,0.41052669072282455,0.036307103085368636,0.3404055251033832,0.0078078239743051055,0.79342703415398,0.001350263577994849,0.16968307392123386,0.000896723544817118
Random Forest,Original Features,raw_dataset,0.7402276656848858,0.001968783301507719,0.3368670573565306,0.002687360952179973,0.7211446383422448,0.006539478702182078,0.4592168423127344,0.003616114571772857,0.811794691005695,0.0033881806257504226,0.1685985404004868,0.0007943952063116777,0.25977233431511415,0.001968783301507719,0.27885536165775515,0.006539478702182078,0.03452839111082556,0.0037408391142781986,0.9004365406137316,0.010731135487024594,0.017951561951440674,0.008080908495771097,0.031143243435675854,0.004192904987392805,0.017951561951440674,0.008080908495771068,0.029607841539195556,0.0037324490680644396,0.031143243435675854,0.004192904987392805,0.7117393536243947,0.004339851825469064,0.2792848653998849,0.006387853421511364,0.8100489907768255,0.0032641477986294037,0.1695741249463511,0.000835346705941819,0.4521967340772169,0.0035881606348421905,0.10148576390388735,0.0041497827353492766,0.44682533187276074,0.031236979113892428,0.3886436802281841,0.002362923427022342,0.44682533187276074,0.03123697911389241,0.31544586391072416,0.002450554431658477,0.44682533187276074,0.031236979113892428,0.33200826655397775,0.026129775672359603,0.3936478830242952,0.0056237916790654405,0.7992787889939508,0.0018668105085461624,0.15361948970888545,0.0007443117030558926,0.28852689267492965,0.0020379471501443553,0.43740843133758806,0.0035023370467580396,0.2064358556065678,0.01939393041098642,0.23888859271747648,0.004380340167705796,0.20643585560656774,0.019393930410986405,0.15909034489188048,0.006226829654024073,0.23888859271747648,0.004380340167705796,0.6139199715048026,0.009906634588461867,0.27138345643423767,0.006523055275996185,0.7963809805487173,0.0039080036412250125,0.1822103554238567,0.0009522711101431156,0.3358680398151338,0.015715348591315507,0.4097173691994132,0.013477254841549718,0.20993685260869963,0.028014777250423815,0.2756016560925958,0.018056839531880142,0.20993685260869963,0.028014777250423787,0.16672554613853557,0.015547423779703988,0.2756016560925958,0.018056839531880142,0.633156148102677,0.004188249285203707,0.25695367239154204,0.008174819931451078,0.7941778494155656,0.0063040160034910355,0.18522444522065415,0.0020554800337974338,0.4933462605611691,0.005319797454220444,0.09072664296406466,0.005665320284371184,0.4748476067986342,0.02865391371446458,0.43066565674242147,0.0044238822918709056,0.4748476067986342,0.028653913714464622,0.3421764691238657,0.0032730939558521417,0.4748476067986342,0.02865391371446458,0.3098528975770084,0.025156534942719928,0.39459518684241374,0.005625054667880218,0.7964089416873643,0.001878454212857983,0.15467627988996951,0.0008173034956893958
XGBoost,Original Features,raw_dataset,0.7088689887965092,0.001785199471597411,0.3168865167679999,0.0018241065336626902,0.7817479336712847,0.004061924732801202,0.4509680409303406,0.0023435046998042837,0.8161056056924947,0.0027392022679988692,0.18138261410229028,0.0006349523003816255,0.2911310112034907,0.001785199471597411,0.21825206632871544,0.004061924732801202,0.074370084997312,0.0026467405148510267,0.8225267934094168,0.005974000011838568,0.02014483877681659,0.005970039178628397,0.0709969213645925,0.0032080558452373883,0.02014483877681662,0.005970039178628414,0.05476285026724477,0.0028760621934792907,0.0709969213645925,0.0032080558452373883,0.772137937626336,0.006004164958245354,0.21778964298525577,0.004036966011091578,0.8141721178143388,0.0027162658712245225,0.18302643752819708,0.0007199097176471449,0.5055776801599132,0.006388509865116999,0.12383124697874201,0.0057502539646959285,0.4181545209305003,0.03279572093536406,0.4481295812619884,0.00648446992463113,0.4181545209305003,0.03279572093536407,0.34923744647451277,0.004410403518990695,0.4525295520325132,0.011213765659252178,0.4247345714567473,0.02815681687711447,0.32417807794865017,0.005348276838403046,0.8041761820591639,0.0014341264287204497,0.16497598025235008,0.0006292362355407919,0.32758229791545607,0.004322064432053281,0.4447155492895578,0.0057784919624385535,0.2078676120345123,0.02032960876055697,0.2851845505119526,0.005514881279177267,0.2078676120345123,0.02032960876055697,0.181112798760423,0.0065159486932223004,0.2851845505119526,0.005514881279177267,0.6761795455253081,0.00848642802701886,0.210359614452106,0.004070977483686886,0.8009757749261484,0.0031127571739650657,0.19816439219343987,0.000822027368732532,0.4130175479904031,0.018777157853100676,0.4020364771019117,0.012100952842037759,0.21273888964425777,0.02001404387852145,0.3765086546459534,0.024485596584018134,0.21273888964425777,0.020014043878521418,0.21791691203150165,0.016117178492791852,0.3765086546459534,0.024485596584018134,0.7028900843247872,0.0040456832502831445,0.1908427112760395,0.006714815138558479,0.7988489303652895,0.006220364983651092,0.207126891543466,0.0024539534783810466,0.5986236606640392,0.010153627124662095,0.10423772400166706,0.005901066891298024,0.46984407139331574,0.03521355927502654,0.5490279004210731,0.011354966337146796,0.46984407139331574,0.03521355927502653,0.4088739225046183,0.0073514577258913015,0.5490279004210731,0.011354966337146796,0.39915431787488204,0.03427428249779006,0.32495474161699867,0.005571025719951711,0.800892792695547,0.0016835337997167616,0.16675475394488745,0.0007619766981432296
LightGBM,Original Features,raw_dataset,0.7094965091786107,0.0016466659639446807,0.3172658673371842,0.0016238040196247347,0.7807506690225026,0.004195319717241434,0.45118535208298133,0.002100598698789618,0.8162870451359797,0.0026608959244651506,0.18060578817276246,0.0006095887203260834,0.2905034908213892,0.0016466659639446807,0.21924933097749738,0.004195319717241434,0.07546320663844128,0.005860500418497055,0.8198252454761589,0.01303596351962315,0.022177413495762476,0.008909732260264789,0.0719224189100145,0.0055956673779581035,0.022177413495762455,0.008909732260264779,0.05527678062848458,0.0039052363099479244,0.0719224189100145,0.0055956673779581035,0.7701674351710059,0.006756569282612507,0.2187438580811128,0.004198696141880197,0.8143642043354532,0.002647867716739139,0.18225552236222523,0.0006953116164288934,0.507378571352749,0.00539621144628123,0.1244878406739132,0.004635959422892138,0.4155112085455882,0.035809486221724675,0.45047544969244224,0.005497429731075004,0.4155112085455882,0.035809486221724654,0.35091190768585717,0.0036898293021006283,0.45448325415681995,0.00987440882401233,0.4284105718842991,0.032366027371126926,0.32401323431614537,0.006684235303210049,0.8047520137831935,0.0015146229933874294,0.16420949752052846,0.0006003149916679424,0.3297212497532576,0.006404979233983688,0.44152950382525435,0.008182564451737371,0.20925883404250292,0.02238547647501714,0.2876259289230183,0.006356775751506885,0.20925883404250292,0.022385476475017152,0.18312085794444913,0.00569307845752325,0.2876259289230183,0.006356775751506885,0.6741407622055199,0.010965171031158212,0.21134773272049184,0.0038283718213719957,0.8011772571692388,0.003063200801234231,0.1973263986471075,0.0007986610175030392,0.40697298345732297,0.018982668161589517,0.40514779433036685,0.01303983971462302,0.21007828076059348,0.019481636070023498,0.36881900070772133,0.024292106924614424,0.21007828076059348,0.019481636070023445,0.21328932129260317,0.017112979311484915,0.36881900070772133,0.024292106924614424,0.7027902703685959,0.0037950295774248173,0.1922330934474068,0.003563630589885245,0.7994109965361125,0.005775210326240834,0.20613985048610103,0.0025548908859711183,0.6071449799940526,0.00790524834888764,0.10130519362270671,0.0064660514170623695,0.4765423187570718,0.041728458380415716,0.5577959433767503,0.009531053756231674,0.4765423187570718,0.04172845838041568,0.41465052947317266,0.006048250678938948,0.5577959433767503,0.009531053756231674,0.3967186382662505,0.03985511589333622,0.3252361167655772,0.007050009527409226,0.8015480643505963,0.001784218109827462,0.16599311327922073,0.000724508564319284
CatBoost,Original Features,raw_dataset,0.7096446722322706,0.0012606767769317755,0.31737153482306113,0.0014703973719345505,0.7806367494984107,0.004194819786265017,0.45127421393423833,0.002079828296842002,0.8150831386053685,0.00276596997530141,0.18200026521971022,0.0007187560385712994,0.29035532776772943,0.0012606767769317755,0.21936325050158928,0.004194819786265017,0.06927807455978716,0.004745395542689001,0.8331388168789061,0.0104064366157407,0.014741789495423574,0.0103536130840903,0.06595534354146665,0.005404830210207425,0.014741789495423579,0.010353613084090278,0.05139893932276192,0.004591525341961622,0.06595534354146665,0.005404830210207425,0.7736138393008264,0.007572926019021695,0.21901526595146184,0.00414773361761055,0.8131574475993417,0.002754862886487621,0.18358110932852395,0.0007827643835248609,0.5075354394657935,0.004317375478481154,0.11865690818210524,0.006385403922449,0.4329944342457906,0.02988337763493313,0.4494920886728984,0.0032950738909151454,0.4329944342457906,0.029883377634933143,0.3502706603830713,0.0027451988924861183,0.45634132614395906,0.016271000785160174,0.40872435123432194,0.02601328429060868,0.32952432043761887,0.005280730560727806,0.8024943174717464,0.0012220994210595275,0.16558773775626345,0.0007284628265376438,0.33157317631427474,0.00597870023830601,0.43948375554261593,0.007179272733070417,0.2102779425731863,0.022428110732340176,0.2898316109841712,0.006152016966549619,0.2102779425731863,0.022428110732340186,0.18478452115816954,0.006047219979025598,0.2898316109841712,0.006152016966549619,0.6730075085986458,0.009191180430763111,0.21149858278491274,0.004320184661604131,0.7997256354305875,0.003287393393790455,0.19884360903144133,0.0009253068161239133,0.4098134462118875,0.020005730789161836,0.40297099416117216,0.012997629202077214,0.2149136742600978,0.026185691412430687,0.3715321056652936,0.02871063717494344,0.21491367426009783,0.0261856914124307,0.21446516174645797,0.021899573087315514,0.3715321056652936,0.02871063717494344,0.6999613376237189,0.005350530563742634,0.19218338715154124,0.007116208917963059,0.7974466294205441,0.006410991058333788,0.20782394631592233,0.002674357891553352,0.5852383235742545,0.005014221514386435,0.10219135271515405,0.0055943912856241,0.4654970963887072,0.03182830120477085,0.5337835094852778,0.00533601725977352,0.4654970963887072,0.03182830120477084,0.39920187773169724,0.003225735804427088,0.5337835094852778,0.00533601725977352,0.3923537720931556,0.0290404506558427,0.3299855531278555,0.005529549186598543,0.7991326306241759,0.0015942858202828186,0.1672699726628421,0.0008405186756952601
MLP,Original Features,raw_dataset,0.7794129227611005,0.002614978229446551,0.37112717070815304,0.0037822929693288277,0.6366642190976142,0.008256433372846048,0.46889494172083757,0.004165435651656925,0.8136513208703156,0.002622453390109623,0.10626798810019425,0.000565147721827854,0.22058707723889937,0.002614978229446551,0.3633357809023859,0.008256433372846048,0.055628052577334164,0.007132495646085237,0.8108688340588566,0.02020750663841151,0.022470361529445017,0.01184966389311277,0.04937086340860122,0.006370601503460027,0.022470361529445027,0.011849663893112743,0.042201494163348174,0.003731472915500222,0.04937086340860122,0.006370601503460027,0.6259214071785867,0.009622372888233019,0.36284341205669074,0.008283318328037734,0.811677592718658,0.0026195950638206815,0.107239701404824,0.0006109086767838958,0.35796773463038967,0.006934341015525911,0.10252382579390744,0.008181805340745297,0.39558418173902965,0.019636467089771584,0.29025825533566935,0.007948030880535847,0.3955841817390296,0.019636467089771622,0.25875585319619165,0.006888093898893135,0.39558418173902965,0.019636467089771584,0.287932355800257,0.018211070238138317,0.465837325270743,0.006577852872934265,0.8017614835794065,0.0010001144683553051,0.09685684630888472,0.0004768515065552432,0.3103405381794662,0.01221402375419824,0.3384723919354247,0.010485386997087625,0.29116915472080457,0.022808497445751807,0.251190489436752,0.01173215936410238,0.29116915472080457,0.022808497445751797,0.17139590888654171,0.008084502211483534,0.29116915472080457,0.022808497445751807,0.49427964649516143,0.01460652015208621,0.35148066627158986,0.007244121418289224,0.7980214732404843,0.002618104012806412,0.11732335068470137,0.0008025324040619148,0.37838888951610744,0.0418870790175254,0.31959265152092675,0.02912241299403097,0.2996302353098913,0.04577390357832675,0.31053730484202097,0.04466392169414512,0.2996302353098913,0.045773903578326725,0.19107146772818334,0.027468116078510334,0.32317681393671266,0.036089091626901715,0.5348129694621274,0.013695645739433254,0.3200959616516458,0.006735945975012142,0.7963644927459612,0.006372903620487361,0.1249095385173474,0.002589852995797445,0.436988024844384,0.012476013620138525,0.077321637360658,0.011271203430208326,0.4737576644361627,0.02521003278680629,0.36590776593208935,0.014739534369925264,0.4737576644361627,0.025210032786806245,0.3080307493354649,0.011088385057494538,0.4737576644361627,0.02521003278680629,0.2425026132929317,0.031165218449887046,0.4676618351418883,0.007209481667670934,0.7984522918949933,0.0014037058463015994,0.09792383592561604,0.0005353875308804031
Fairlearn-DP,Original Features,raw_dataset,0.717815533402798,0.0018740533912041573,0.3204323888143183,0.0018117981999485602,0.7539108256831579,0.005383721821106421,0.44971729167649654,0.0023338122337512764,0.7326044929574657,0.002411213038051506,0.28218446659720187,0.0018740533912041653,0.28218446659720187,0.0018740533912041575,0.24608917431684213,0.005383721821106421,0.007734664481816788,0.005662007553837541,0.9788960137379256,0.015221185667021086,0.04739026305066034,0.009666625001477077,0.0060811258519323005,0.00597373248987063,0.04739026305066034,0.009666625001477054,0.009208495572849307,0.006025216907533451,0.04739026305066034,0.009666625001477077,0.7291706286457058,0.009009229441107039,0.24713423982896393,0.005322853275632164,0.7319710793585295,0.0021685567822391813,0.2827390092514806,0.0017105977636366432,0.49132108108427514,0.004751298375383933,0.1335016578642956,0.007094384100471314,0.3969426833321771,0.028894581451107685,0.4361905193179492,0.003676227224008575,0.3969426833321771,0.028894581451107685,0.34332329751702934,0.00224932051663373,0.43714039646238223,0.0046477842191973325,0.4273917568416983,0.025306791581506248,0.3440943213762127,0.005136788883339824,0.6929588178741805,0.001784088683054261,0.2559135782819143,0.0018719822539388017,0.3569196012568702,0.005580341579188178,0.3952668345983326,0.00716130577811835,0.25602672665610343,0.019732832352979957,0.31354047432364873,0.006072430411347993,0.2560267266561033,0.01973283235297991,0.2016224315948909,0.00562904694097511,0.31354047432364873,0.006072430411347993,0.6213937479876128,0.00997789488704616,0.2367413459031149,0.0053712344151537325,0.7086688575395689,0.0021905870904930774,0.31447786327407157,0.0015435023337857544,0.39970130615869737,0.019780915589049652,0.3902982664314584,0.011686997270985528,0.2296213318730468,0.02382840041414786,0.35617997941158513,0.023781321555140005,0.22962133187304684,0.02382840041414783,0.20930241097837782,0.018929394992356893,0.35617997941158513,0.023781321555140005,0.6602661419911443,0.0030208822923170546,0.22082653515300182,0.00865755711989007,0.7059028530710402,0.004597693090412433,0.3216393239988252,0.0049985931211321095,0.5067227226667276,0.0046549444103485774,0.12498191405877186,0.007598060406395765,0.4434663201391354,0.024676283333708738,0.448956031591225,0.005784016368806669,0.4434663201391354,0.024676283333708738,0.3500226717919919,0.0036410103810613223,0.455108356054671,0.014708352927465503,0.40404199744329194,0.01795549705302418,0.345721866578921,0.00485387558471139,0.69161147383653,0.001692829772498032,0.2566595756645258,0.0017697055437989088
VFAE,Original Features,raw_dataset,0.7799140563266823,0.003706320856885229,0.37194618518371125,0.004509087145402504,0.6371490407193499,0.014558456700548941,0.46963122079074376,0.004772070877252384,0.8139619261982866,0.002788881433915377,0.10635373085241404,0.0005456239636792699,0.22008594367331766,0.003706320856885229,0.3628509592806501,0.014558456700548941,0.0420310666029102,0.00635115282540399,0.852918563917451,0.02107850286413928,0.006987462802418997,0.004198732051717001,0.03688415058757207,0.005809928570853809,0.006987462802418953,0.004198732051717034,0.03473120723331637,0.004270914162312663,0.03688415058757207,0.005809928570853809,0.6337001796014308,0.014553724347915556,0.36280608899735967,0.014419241012070193,0.8122165792533579,0.0027304574211426827,0.107314181273888,0.000607948420262007,0.35616977587434,0.010223122541942154,0.1139005301770442,0.002607816753105371,0.3747890851113258,0.026965809749314413,0.28910481916240555,0.009444232907826165,0.3747890851113258,0.02696580974931441,0.25741771911330213,0.005076594000707217,0.3747890851113258,0.026965809749314413,0.312981877464508,0.013997819732492584,0.45870424435587626,0.010012589578357918,0.8018389109137922,0.0011490306638417109,0.09695596377495655,0.00045851296173958197,0.3169637736201614,0.010760434798906617,0.33053021774031843,0.010475358880826638,0.3007794573228098,0.013101539043889113,0.2571547009117317,0.01367295713153113,0.3007794573228098,0.013101539043889134,0.17444208616241774,0.011230673829166184,0.3007794573228098,0.013101539043889113,0.4906443057884462,0.010204082356348019,0.3505081139923321,0.014384112528390664,0.7983281490482794,0.0030076819478120492,0.11740796200931683,0.0007537058638631498,0.38723187928381514,0.01664446550111882,0.30985629794365444,0.01226138660378234,0.31644767739242985,0.024088738841741057,0.31589269761686894,0.029795509291231072,0.31644767739242985,0.02408873884174105,0.1920847720986245,0.02561823713479405,0.33384214621316066,0.022340458589775264,0.5313733632198256,0.011173204774326154,0.3162774456260316,0.017757184892492027,0.7973776129760529,0.004835745460546447,0.12487285669436168,0.002187805870927922,0.407613063884142,0.00825988114809018,0.0958003073013696,0.006628697632937217,0.4083958026153417,0.025521474598513613,0.33837084239871185,0.011708582693487082,0.4083958026153417,0.025521474598513633,0.2919318233776774,0.009923265450799908,0.4083958026153417,0.025521474598513613,0.2910075560183517,0.02644743862067367,0.4595292983190423,0.010690658788800891,0.798983927989157,0.0015269421391285102,0.09800991540478755,0.0005340288855798647
Logistic Regression,Without Sensitive Attributes,raw_dataset,0.7131091223236018,0.002200011205412428,0.3150600553088926,0.002043795378499705,0.7459328180855463,0.005282683167702344,0.44300253568279724,0.0025044177005364827,0.8003352575971363,0.003444064282613878,0.18574050398710673,0.0010974761030062537,0.2868908776763982,0.002200011205412428,0.25406718191445365,0.005282683167702344,0.020582101007955177,0.003665483195261676,0.9449708670436827,0.00934994276514673,0.04264128728825474,0.011050945230849905,0.019473250341890614,0.004279025556525899,0.04264128728825473,0.011050945230849938,0.0221231592756276,0.004251847974105751,0.04264128728825474,0.011050945230849905,0.7236679830362762,0.007935028687637706,0.2550113733195964,0.005145580987210687,0.7986446789832996,0.003146198086928036,0.18641318304179016,0.0011049223049404745,0.3460681559102422,0.003439087303916638,0.3000892410840176,0.0073376373935913584,0.16298835935376443,0.033808842846978965,0.2921069445061118,0.0030992118145397535,0.16298835935376438,0.03380884284697897,0.23977439381276597,0.0038261876418345816,0.2921069445061118,0.0030992118145397535,0.6018494126855773,0.0319412851642515,0.2963796958506621,0.010206584471931518,0.7921588410599005,0.0013260937480360322,0.17513314348271056,0.0010835092220926577,0.3456708851592233,0.005363134529828648,0.4166239893846675,0.0067453759082340276,0.24858544301181268,0.02008012529291904,0.30330540316255516,0.006051201321339335,0.2485854430118127,0.020080125292919065,0.19340147667641142,0.005973911271248988,0.30330540316255516,0.006051201321339335,0.6235119103838123,0.010071069603557331,0.2440453256771915,0.0054962581372145925,0.7844018886771948,0.0035797062780001934,0.20381663016252105,0.0011551182429256268,0.3959744763377741,0.01091741426268609,0.3924302200495262,0.006541820360425027,0.24467688012716718,0.012007460277376217,0.34923966084986413,0.012783421688467625,0.2446768801271672,0.01200746027737622,0.20248433302890376,0.010755626818600027,0.34923966084986413,0.012783421688467625,0.6442271666517082,0.00440604376913508,0.22812607397647247,0.004548987209043505,0.78396763400096,0.00524857917409328,0.20848531084339134,0.002372216646230405,0.36448606681339274,0.006886705386067153,0.2814396438387679,0.007119643385820785,0.20690703647621084,0.03432202306592867,0.31100391509064784,0.008534917868808731,0.20690703647621084,0.03432202306592863,0.2560163955100523,0.006906964874046718,0.31100391509064784,0.008534917868808731,0.581770687245745,0.03038815891605049,0.2977047851634108,0.009882690467556111,0.789857179902832,0.0011261303671552605,0.17583230107065756,0.0011439484027435587
Random Forest,Without Sensitive Attributes,raw_dataset,0.732640751627472,0.0025590159301896727,0.3279551480333328,0.0030660984176360062,0.7129387511065812,0.0064910246285319806,0.4492475126984063,0.0038410009458079057,0.8012825862017527,0.003744090959528283,0.17358450669181225,0.0009143249819643518,0.26735924837252806,0.0025590159301896727,0.2870612488934188,0.0064910246285319806,0.021777695984942523,0.004138451191245039,0.9368751207393912,0.01158004193757332,0.04655656316076371,0.010011563214533014,0.021726645845184762,0.005766157586256557,0.04655656316076371,0.010011563214533004,0.026107111644340854,0.005849419162123128,0.04655656316076371,0.010011563214533014,0.6886062808970463,0.00436054841574532,0.28811543752257174,0.006196714942220269,0.7992726135156525,0.0034602007278223155,0.1744221826332974,0.0009502351493389444,0.3219425849358494,0.004527088510739184,0.28926644917554956,0.008451403367648117,0.17251551815957372,0.03320195035560157,0.26501390006631936,0.004311566168222293,0.17251551815957375,0.03320195035560159,0.22707308997244685,0.00481522531991325,0.26501390006631936,0.004311566168222293,0.5567538197915294,0.02792763797571414,0.33259869403781983,0.006403787943215212,0.79301965541086,0.002070164232711526,0.16340362212948728,0.0008631482504296342,0.2966280196295391,0.004425100988505055,0.4356537990857189,0.006943763167404826,0.23001957211615714,0.023211786970580746,0.2465048942096819,0.0064755565847342015,0.23001957211615714,0.02321178697058074,0.16059553265600052,0.008434514686852577,0.24740716999981008,0.007313220771878234,0.5957382605187063,0.009740638192180595,0.27840250194177946,0.006478838135349012,0.7859064044815535,0.004204176896600953,0.1873549782754001,0.0009824144008072676,0.32816120208865585,0.00914245558740877,0.4165104332606955,0.005333639215127038,0.21465283461555867,0.023544639019850655,0.2692333309715141,0.007692409182310899,0.21465283461555867,0.023544639019850648,0.16420457893858142,0.007844112438459913,0.2692333309715141,0.007692409182310899,0.6103600601268026,0.003503401661942086,0.27104891369022466,0.007501254713859897,0.7829312943554843,0.00499337712018191,0.18940351281575019,0.0019201082187496634,0.345249588252765,0.00501860966454929,0.25781419751865925,0.009065002532072203,0.21983563703798267,0.04056462405586562,0.28833749486002386,0.007788537407441621,0.21983563703798273,0.04056462405586558,0.24982602761215095,0.008513996654971958,0.28833749486002386,0.007788537407441621,0.533878083700493,0.03169359116285433,0.3336099977758548,0.005527485012613729,0.7906310843454409,0.0017911710809755822,0.16426676375794144,0.0009440432284915795
XGBoost,Without Sensitive Attributes,raw_dataset,0.7083547775435556,0.0026698373560620973,0.3134149431937357,0.002592940558862827,0.7615752440770249,0.0035141257851786555,0.4440739478532841,0.003038582538837228,0.8052892358355876,0.0036622142689190958,0.1848249644177288,0.0010223186559132206,0.2916452224564444,0.0026698373560620973,0.23842475592297502,0.0035141257851786555,0.02611488492421672,0.003479323288395362,0.9324030020006457,0.008952757261491315,0.0417787517316861,0.009138457969091688,0.025670326379106247,0.004666796894344938,0.04177875173168614,0.00913845796909168,0.02664941957993261,0.004918349328359413,0.0417787517316861,0.009138457969091688,0.739743476572363,0.0027012821016959496,0.23936714756179409,0.003292108686507112,0.8033937673103081,0.003377598981032983,0.1856384269036581,0.0010688921216187878,0.349662362023701,0.005886120895486059,0.30587596374315285,0.007571127151839854,0.1673206362528195,0.026489673744302555,0.2943524750195742,0.005537715576357936,0.1673206362528195,0.026489673744302566,0.23779789146139807,0.00414196198331034,0.2943524750195742,0.005537715576357936,0.6124266668373931,0.02356771948338775,0.28211817897289215,0.0042034215594401285,0.796992320504119,0.0018838735982751322,0.1741592751782326,0.0010014783420801024,0.3382486751554114,0.00527885888411593,0.4280301582546711,0.006518416516562186,0.23590825285708794,0.022060089343899626,0.2955382699239405,0.005435783272253511,0.23590825285708794,0.02206008934389964,0.18771574878978242,0.005917438769179612,0.2955382699239405,0.005435783272253511,0.6401645690981017,0.010115254656972187,0.22970819297527947,0.003351760492944746,0.7902912867969316,0.003957818857603357,0.20175956567021797,0.0010742734590083753,0.41908991009582214,0.016877329374549863,0.3897394958850867,0.010040045129692376,0.2385255795176265,0.02338116841330392,0.3814790216542496,0.019564150321645966,0.23852557951762648,0.02338116841330395,0.22140644020966502,0.011721313940768028,0.3814790216542496,0.019564150321645966,0.66716736191888,0.007523217492687364,0.2107322695683964,0.0043908165282921085,0.7888677887422647,0.005022508289722643,0.2103318558568384,0.003044339087266563,0.37579567041890927,0.00824117563867267,0.27914991266115874,0.008372275588792664,0.20783101016073302,0.034878025089936836,0.32126919418912747,0.00952712805213414,0.20783101016073297,0.03487802508993682,0.2591272921966617,0.007109100561513563,0.32126919418912747,0.00952712805213414,0.5926922267067422,0.03133523172993737,0.283366149207171,0.004477545951550976,0.7946254376166764,0.0015786881955168512,0.17500031405665378,0.0010930139952821296
LightGBM,Without Sensitive Attributes,raw_dataset,0.7083809221886099,0.0026226851231608574,0.31349857054799835,0.0022957188013799845,0.7619741613017009,0.003968992525174581,0.4442239988029291,0.0025631543419564885,0.8052305625371391,0.0034200655551477744,0.18434907161248615,0.000992808631867852,0.29161907781139,0.0026226851231608574,0.23802583869829919,0.003968992525174581,0.025779927860329167,0.004612899898821287,0.9332745116139536,0.0117660497103323,0.042173936014255696,0.008401408316575178,0.02533519523219794,0.006066933053205111,0.04217393601425571,0.008401408316575204,0.026415325636120278,0.005936766203263902,0.042173936014255696,0.008401408316575178,0.7399367849247193,0.0036364252046671044,0.2389762470681529,0.003731791262524001,0.803345375703173,0.003121433184507773,0.18516832491076146,0.001053760690010064,0.35130024315165154,0.006031005926271612,0.3046228375208262,0.009482974356339633,0.1710037013676972,0.037935928990622717,0.29572160875478315,0.005760573102120719,0.1710037013676972,0.03793592899062273,0.23835128787183332,0.00463739431717849,0.29572160875478315,0.005760573102120719,0.6109675552462356,0.03527997558289012,0.28238681222666306,0.009821620704164181,0.7970647856604852,0.0019595341970335203,0.17366207042648452,0.0009638169867961878,0.3384501958756295,0.005690291051813028,0.42845760470826155,0.006087107333937201,0.23653609990012608,0.021813991931038633,0.2955089548028317,0.005207608983955569,0.23653609990012608,0.021813991931038647,0.18734710458037163,0.005161250766796875,0.2955089548028317,0.005207608983955569,0.641205498360845,0.008610973060165084,0.2291443045701836,0.0046097445824942965,0.7902245458452526,0.0036338707260425234,0.20111201710831353,0.0010062602932239687,0.41071860252959436,0.019526798586203098,0.3955208996387167,0.010756011980890639,0.23523356075946705,0.022893009825711703,0.37090821960744974,0.022257615057994756,0.23523356075946703,0.022893009825711685,0.2146225201993875,0.0140527770557301,0.37090821960744974,0.022257615057994756,0.6678688390066392,0.00239498482713734,0.21122208135143916,0.006831006235133251,0.7891564597610461,0.004429831804606672,0.20913939190714262,0.0029470755109882833,0.37736452444770896,0.007980058173977919,0.27776393756294093,0.009141685999745386,0.21470810305194354,0.03928931174564886,0.32267990885454456,0.009540430809946467,0.2147081030519435,0.03928931174564889,0.25983472081753795,0.007023904970928825,0.32267990885454456,0.009540430809946467,0.5885124283658654,0.03586286493593266,0.2837115628445483,0.009509767749463657,0.7947028211826994,0.0016855201295899534,0.174511117120798,0.0010722245466178448
CatBoost,Without Sensitive Attributes,raw_dataset,0.7070169244662098,0.0019633272313275786,0.3123114859555963,0.0017100235985333832,0.7617462978995961,0.004814352460179322,0.44299323729795087,0.00210887750830919,0.8046483961460279,0.0034771011864775476,0.18538154647249347,0.0010083834126662337,0.2929830755337903,0.0019633272313275786,0.23825370210040392,0.004814352460179322,0.025221066992682683,0.0047508154544795315,0.934902368833405,0.011968722359303933,0.04059379560651342,0.008768910012166141,0.02443250448310197,0.006102918409344593,0.04059379560651339,0.008768910012166169,0.025381103720465915,0.00594347229740027,0.04059379560651342,0.008768910012166141,0.7405402831915497,0.004367389325812463,0.23916281900519368,0.004597149964151238,0.802774046169939,0.0032032201820469427,0.1861815782163588,0.0010335606919072088,0.35113571969885476,0.0038893048142293707,0.3058710540185363,0.0072905187217303545,0.17197232807304924,0.03196007441796353,0.29582113416989586,0.0032644152154630316,0.17197232807304924,0.03196007441796359,0.23833563650859801,0.0038756966609240946,0.29582113416989586,0.0032644152154630316,0.6092879862582402,0.027970834463246805,0.28298393886083206,0.005656052233849361,0.7965436759720901,0.001358850858490979,0.17479862120413986,0.0010119889797351282,0.3411587914771788,0.00451327798437355,0.4274376340546242,0.0054061474260180065,0.2346686553996385,0.02275968026854347,0.29974715095675936,0.00270772005029293,0.23466865539963844,0.022759680268543456,0.19078440499508303,0.0036706280220047344,0.29974715095675936,0.00270772005029293,0.6418662256065055,0.0092587672708296,0.22944962348657177,0.005111454791482723,0.7894508517241557,0.0038364187784713337,0.2023695880610906,0.001022151589561214,0.4277497941066806,0.01293597477538244,0.3852929899859839,0.006702143576408382,0.24347807982028113,0.0245234322093926,0.3917657921286347,0.01584091356494873,0.24347807982028122,0.024523432209392595,0.22721240816849422,0.011182822863226064,0.3917657921286347,0.01584091356494873,0.6671754167428405,0.006105761721173038,0.20907862110197958,0.005825188412468562,0.7877961503845848,0.005443265024892109,0.21128562447669838,0.002861619927014922,0.3760754170458456,0.0058597912839690415,0.2805856025829173,0.006281244916815171,0.20990992725571447,0.034525535139115666,0.32089386432301403,0.008055177768579721,0.20990992725571447,0.03452553513911566,0.25766313878700264,0.0071990143437717724,0.32089386432301403,0.008055177768579721,0.5913949285461,0.028877692991532977,0.28402410321920357,0.005612926744059046,0.7941022822810744,0.0011517697074947056,0.17562315853224555,0.0010835387731329873
MLP,Without Sensitive Attributes,raw_dataset,0.7701046766191944,0.0016797970950075012,0.3583652929329741,0.0024954752918424855,0.6365502671016277,0.012943294199930289,0.45854051655029326,0.00480017142769767,0.8025466238300236,0.0032972982846865228,0.10777168101587357,0.0005853566847860517,0.2298953233808057,0.001679797095007501,0.3634497328983723,0.012943294199930289,0.008815260726487317,0.0035394860005828134,0.9682927742399666,0.012117565269699022,0.05665630839144804,0.007990219998642996,0.008730863364829816,0.005519337291892952,0.05665630839144804,0.007990219998642951,0.01988464218535093,0.005273878836871118,0.05665630839144804,0.007990219998642996,0.6069180923398524,0.013453822703198125,0.3647537534644236,0.013017226505990334,0.8007520945673676,0.0030156175100091594,0.1088305862571369,0.0006066593086524809,0.2769271194621954,0.011125452850484949,0.26254343356062165,0.014410001111541733,0.17611582268330594,0.041838503089556535,0.21764370841495967,0.01060031078296377,0.1761158226833059,0.041838503089556535,0.20846475466806352,0.006462864968837552,0.2179497657430219,0.010547901573455287,0.47581167693803017,0.035147153558840044,0.41018387229357023,0.012416021672596455,0.7938235348439545,0.0032232444162460035,0.09863138042284854,0.0004936696429974278,0.3233893775175001,0.01714996728091482,0.33601966926447413,0.01987341182218886,0.30990674320227857,0.028161618418461258,0.2652962281745584,0.018966320175133437,0.30990674320227857,0.028161618418461237,0.17809810760087844,0.013828435294694299,0.30990674320227857,0.028161618418461258,0.4844184327182184,0.020172724408139605,0.3509007376175526,0.01237830410196506,0.7871013354602017,0.0033589901662322186,0.11882184478475169,0.0008652460421094065,0.3851209687645512,0.03871003459715973,0.3174121627179972,0.03164692989731708,0.30325416007138556,0.031018686765109736,0.3224541152116383,0.04091023814066938,0.30325416007138556,0.031018686765109695,0.20026290329031307,0.025271278871069332,0.3259797148284727,0.038507624819719394,0.5213244187614237,0.015098465672983776,0.32584976035507995,0.004554719130350559,0.7840213639074435,0.0035148012188266227,0.12687304607632338,0.0022100812570262354,0.28654189520867607,0.012869237111680688,0.24661580995135948,0.012597813119639992,0.23212323150580877,0.031839906567868725,0.22919538638819031,0.010742033614557198,0.23212323150580888,0.031839906567868705,0.22609581249899438,0.006559031797378343,0.24272546399192843,0.02296820717078221,0.45323950066956487,0.023989678699296337,0.4115071981612613,0.012154125010003689,0.7915902162094259,0.0029853624821556146,0.09979797865767057,0.0005450096095360148
Fairlearn-DP,Without Sensitive Attributes,raw_dataset,0.7159068240981781,0.0022553622823950252,0.31701627300952245,0.002033284021653963,0.7427417238273486,0.006035563162040182,0.44436198938213634,0.0025191949734102255,0.7269016160403244,0.0025745746270437295,0.284093175901822,0.0022553622823950036,0.2840931759018219,0.0022553622823950252,0.25725827617265146,0.006035563162040182,0.012328487264215792,0.0038823969541436306,0.9663286815748189,0.010196126500735519,0.05263109581145538,0.012913978706814539,0.011508015672576422,0.004015787310881345,0.052631095811455364,0.01291397870681455,0.017116027819726785,0.003995307539285554,0.05263109581145538,0.012913978706814539,0.7152596775177871,0.00929122772675897,0.25842477457648516,0.005872363380384889,0.7259279763149185,0.0023636383495261285,0.28513127377521374,0.0021433785981508757,0.3422240453672754,0.003304349324088704,0.3010354303895757,0.00758025549625895,0.15984286752297677,0.03154447014914646,0.2878674564148903,0.0020925483464712454,0.15984286752297683,0.031544470149146506,0.23734504670370854,0.0028260293232895413,0.2878674564148903,0.0020925483464712454,0.6017579049750144,0.029762593032919168,0.29869099162587975,0.009613849236350695,0.7135981442313492,0.003583192252270129,0.2642857529166186,0.0020929474069117417,0.36596509997517634,0.0035525640096111728,0.3919833262331919,0.005511421624024361,0.27106059596059173,0.020804837397970982,0.3236737232477142,0.004683743763544783,0.2710605959605918,0.02080483739797098,0.20675623020148523,0.0059333968555819,0.3236737232477142,0.004683743763544783,0.6086755217210278,0.010149398352865666,0.24642178571649848,0.006318306845344262,0.7026905165219606,0.002463746562962401,0.31746325114046064,0.0018627080618550114,0.4059925142599293,0.012382708558587835,0.3798116784327305,0.006995854468456237,0.25326518129584014,0.015221341850499802,0.3602577132012538,0.01475768693344647,0.25326518129584025,0.015221341850499804,0.21050979369251177,0.011472275892281168,0.3602577132012538,0.01475768693344647,0.6358147108590247,0.003333816301541253,0.23123860605149588,0.006123150781791783,0.7009926723538666,0.00339359398183376,0.32248160209130117,0.003783157310413444,0.3527108253339586,0.004318062725335537,0.28966059192179267,0.005933004372076044,0.21374470074010352,0.033191063723963486,0.29948044053701606,0.004274069553280043,0.21374470074010357,0.03319106372396351,0.24834592685883666,0.005061592208842903,0.29948044053701606,0.004274069553280043,0.5767582356139456,0.031147402894611386,0.3003886562612207,0.009373625893486191,0.7121915691131234,0.0033637935611358755,0.2653879070012792,0.0020691689713882564
VFAE,Without Sensitive Attributes,raw_dataset,0.7805110344102899,0.008115068777284264,0.36896196552003635,0.008141159607946946,0.6101665077573327,0.025691898183810624,0.4595293911567772,0.003658658030430502,0.8033967728856564,0.0033969007596411525,0.10774270910723016,0.0006881845588139615,0.21948896558971018,0.008115068777284264,0.3898334922426673,0.025691898183810624,0.0048530285235864005,0.0034126189192292397,0.9816336312283707,0.01150290151425245,0.060323456485230166,0.006058108733914442,0.004986949682021402,0.005185791787549301,0.0603234564852302,0.006058108733914424,0.018372733251191865,0.004182591551686482,0.060323456485230166,0.006058108733914442,0.5786211234164529,0.023406251267784287,0.39121714834093196,0.025483892528080313,0.801853928942068,0.003069365088447233,0.10878025259468609,0.0007145292321631925,0.26634817557971957,0.015805955711441343,0.24721208203702988,0.0029220608639193325,0.17216993330405367,0.030681201094450716,0.20823091144597897,0.014089547503134637,0.17216993330405367,0.030681201094450713,0.2079081682993226,0.005968050221839315,0.20823091144597897,0.014089547503134637,0.4522976458970566,0.021134040722715967,0.4356667123114617,0.020108649211693388,0.7956430395687508,0.0010524512442578497,0.09864460613127697,0.0005821809268527548,0.33509272852710287,0.003773467754002034,0.2997085926068535,0.024468850403762073,0.33877726760132953,0.03210271764654719,0.2748497570306266,0.005318041778383519,0.33877726760132953,0.03210271764654717,0.1854746731481613,0.007264318425409554,0.33877726760132953,0.03210271764654719,0.4477533276838388,0.03594763561585447,0.3755221706003523,0.024338497701065696,0.7881264612165891,0.003538266803059165,0.11874448417841317,0.0008911705909338704,0.37831625976806504,0.019138989177512444,0.2942262684687447,0.007191128050858595,0.31608253947000936,0.02680566676914596,0.312009672416797,0.022933753028476087,0.31608253947000936,0.026805666769145975,0.19927178489512384,0.015365290296813132,0.32449172130537773,0.016703119565345276,0.4844780893775223,0.018950758648859006,0.35344676433941286,0.025343773244011502,0.7865759873155937,0.003960271023293719,0.12633655156065965,0.00168076622276188,0.27135020981454366,0.01728132908853153,0.2378098272183447,0.005727337312662729,0.23011202295753583,0.04603105731746572,0.21571680076057972,0.01640831294981247,0.23011202295753588,0.04603105731746572,0.2219930195497517,0.00987474763525715,0.2387196097097537,0.03308395198542401,0.4270325105600146,0.026939159760779277,0.43748204053785544,0.019594311512141305,0.7936316555797124,0.0013555773498488293,0.099782824579316,0.0006384474710478238
Logistic Regression,Without Sensitive Attributes + Proxy-Reduced Features,raw_dataset,0.710285270966415,0.0021437201235508774,0.31284323170716716,0.002042789377170529,0.7473575062234415,0.006824737766615077,0.4410539767785518,0.002774710880717604,0.7992436958334627,0.0034522072442129256,0.18620920496433344,0.0011502732619492828,0.289714729033585,0.0021437201235508774,0.25264249377655845,0.006824737766615077,0.030961787082648427,0.005061103794728994,0.9191974918995147,0.012426080797272691,0.03084021702848967,0.007358837392956375,0.029668691759128462,0.005649496348353198,0.03084021702848967,0.0073588373929563975,0.02878301683883271,0.004624048127440853,0.0343457825459378,0.0028884822878152585,0.7312534173522126,0.008897966154952197,0.2533264741335426,0.006766077660597122,0.7973606806129091,0.0031865789289502546,0.1870881053451958,0.0011738347190138384,0.3448266191561905,0.002249742791330588,0.3029873394316095,0.005836437107737317,0.1667847407274843,0.02866808729129537,0.2909284579135367,0.0023712915277379325,0.1667847407274843,0.028668087291295354,0.23854272711029872,0.0032659485727047403,0.2909284579135367,0.0023712915277379325,0.5970073562000201,0.027448511626325698,0.2965431322697361,0.008387212737333965,0.7911491842518655,0.0013670869990752338,0.17554645932014024,0.0011359241612576905,0.27832490408175375,0.0059165082184017455,0.4936966561474495,0.007606691808955766,0.1822182560955083,0.017713992433149393,0.23371298202049795,0.007119198556748503,0.1822182560955083,0.017713992433149407,0.14900893110412028,0.006487594532195742,0.23371298202049795,0.007119198556748503,0.6579865489044634,0.008269539989092651,0.2452372062489104,0.006999720567304933,0.7840372905917927,0.0035967609718852833,0.19996681983465447,0.0011029182668340915,0.32755936520525764,0.006845500659277309,0.4574338401698781,0.00666179981000292,0.18448259563232383,0.014347813369487912,0.2753153775992533,0.00930759453187298,0.18448259563232383,0.014347813369487882,0.15951783610137246,0.0091738987875872,0.2753153775992533,0.00930759453187298,0.6721203182532037,0.006661060116927333,0.23234534328983436,0.006445497655908763,0.7825998564021419,0.005010910085726786,0.20399772008493935,0.0021649974103606197,0.3764861891934051,0.006449140636161429,0.2717856979124181,0.0034299632097528204,0.19810741087528308,0.02670132829206138,0.32308332407437906,0.007187491498835537,0.19810741087528305,0.026701328292061347,0.2628749784542249,0.005086211970161159,0.32308332407437906,0.007187491498835537,0.5809175885332394,0.021761710495731227,0.2973248833202722,0.007899236080285416,0.7886362426834563,0.0010193587105517025,0.17645717959849463,0.0012157144336394099
Random Forest,Without Sensitive Attributes + Proxy-Reduced Features,raw_dataset,0.7274898514822494,0.00376609827545089,0.3243439735317308,0.004014682769686766,0.7215719400617535,0.005455727993131591,0.44751820083265087,0.004479980265146468,0.7999346551639882,0.004001921102978387,0.17605621294550725,0.0010829619340816908,0.27251014851775057,0.00376609827545089,0.2784280599382466,0.005455727993131591,0.03021856358352919,0.0048422300049567905,0.9154511826999203,0.013146207444560862,0.03430722253966838,0.00791194016683233,0.029451333487551266,0.006048293226983711,0.03430722253966839,0.007911940166832323,0.03033908836500281,0.005828516720078499,0.03547212985814545,0.007696291664779611,0.7036336623628734,0.002916043321380062,0.27921272636729244,0.005224722484050338,0.7977941986235626,0.0037541384236531514,0.17704386637230898,0.0011252168769385867,0.3220603900917807,0.003707055803127417,0.2981641353835255,0.007650161549457125,0.1656183038238569,0.033683242591047394,0.26566272304615757,0.003458664717408997,0.16561830382385692,0.03368324259104737,0.22607744805284882,0.003142585458391781,0.26566272304615757,0.003458664717408997,0.5694112604686176,0.027592108989440915,0.32256173153923307,0.006505608255539522,0.791710975403716,0.0021304847747599855,0.16572582538250077,0.0010255486291359907,0.25338351670128256,0.003974812749318052,0.5010938146163447,0.005435247687609902,0.1731822999136015,0.020267933979317476,0.2045440354414833,0.005346596060277042,0.17318229991360148,0.020267933979317445,0.13395790815769754,0.006173693830848548,0.2045440354414833,0.005346596060277042,0.6368973553376918,0.008477209386278287,0.27135324217547696,0.005512700417530008,0.7857001581397255,0.004425412818760488,0.1876800743862872,0.0011610295529224709,0.31048335669222993,0.009270513094029912,0.4531876321484102,0.006665030247103939,0.182031429577765,0.0284313503834091,0.2535668139607066,0.01499561939995225,0.18203142957776502,0.028431350383409156,0.15237006642524037,0.015240948034877303,0.2535668139607066,0.01499561939995225,0.6480968951816295,0.004852912910288318,0.2580186112505693,0.009490147929769596,0.7839348641487899,0.005954943877169675,0.1913631448471726,0.0020193412642354317,0.354848234811305,0.005370519013865044,0.2605282689218507,0.0075037022945255065,0.20004428077208064,0.039130709165164784,0.29816192842100847,0.007838657825393074,0.20004428077208064,0.0391307091651648,0.25310091176330696,0.007633126792240884,0.29816192842100847,0.007838657825393074,0.55214882426971,0.02864423015297153,0.3235026900795385,0.006074595926414018,0.789122103942621,0.001846062542162662,0.16674267221634362,0.001111583438451094
XGBoost,Without Sensitive Attributes + Proxy-Reduced Features,raw_dataset,0.7072827556565844,0.0022385626523918184,0.31259787476008005,0.0020736669788778144,0.7621451420625093,0.0037218557994826876,0.4433496179911113,0.0024388688003926626,0.8040173952717717,0.0034952839095641185,0.18549284701467186,0.0010966959629922222,0.29271724434341573,0.0022385626523918184,0.23785485793749075,0.0037218557994826876,0.03678330715710389,0.004183769028231626,0.9065624016109683,0.010267891186010977,0.02983639183933995,0.008976013560172497,0.03613999815275289,0.005523826731240861,0.029836391839339938,0.00897601356017246,0.0335887914818946,0.005500721877459014,0.03613999815275289,0.005523826731240861,0.746557464499981,0.003450182594302265,0.23852433958034908,0.0035131247656952397,0.8019197784563804,0.0032694756495176484,0.18652856030344195,0.0011669418900598838,0.3428446277561642,0.004727386653065371,0.3118460868438858,0.00686806360156661,0.16727069766027108,0.03441377411956789,0.28685617661150625,0.0044548554020333465,0.16727069766027114,0.03441377411956784,0.232374934267198,0.0039362898529558665,0.28685617661150625,0.0044548554020333465,0.6091955288297533,0.030697670173007913,0.2822904451386207,0.006908123864085456,0.7958858124936918,0.0016537504767534829,0.17473405723998325,0.0010821565179704026,0.27765606684845545,0.0037904600665048887,0.5013016361787928,0.005655457594558268,0.17828592244445035,0.0186030398477411,0.23219105474338292,0.00578214562854612,0.17828592244445032,0.018603039847741143,0.14564031620592316,0.0069356563264044045,0.23219105474338292,0.00578214562854612,0.675379250264322,0.008186668016414258,0.23051569766732852,0.0038101371056905565,0.7896949059652845,0.003643226503379423,0.19866194638600537,0.0010585033216122493,0.3438462670768379,0.011164707748396126,0.4505253143269474,0.007467815890002211,0.1903354016847611,0.023178519828029636,0.2935747415331865,0.013945305168335179,0.1903354016847611,0.023178519828029622,0.16752273443944235,0.011893884611106294,0.2935747415331865,0.013945305168335179,0.6859428024664955,0.006637368720122008,0.21619591602778762,0.005716512551334527,0.7879264665252851,0.00458790167835468,0.20322677795788904,0.0018406450031195822,0.38116700653729413,0.007722365249946821,0.2738943258303167,0.007195562652969201,0.20307746896195472,0.04450275933983185,0.3258769273847085,0.00952100176250123,0.2030774689619547,0.044502759339831895,0.2612593177323753,0.00721572502455175,0.3258769273847085,0.00952100176250123,0.5874546547801817,0.03467569863969409,0.2831368569080916,0.007074750263470451,0.7932706221606731,0.0013753597100281598,0.17579909747904368,0.001197914501418293
LightGBM,Without Sensitive Attributes + Proxy-Reduced Features,raw_dataset,0.7071389521802095,0.0027518949653950633,0.3124773808438407,0.002407620000077392,0.7621166723289533,0.004397345090666561,0.44322146100623366,0.0027275554880799376,0.803695073370476,0.003303132931225547,0.1851993482337595,0.0011003257004586493,0.2928610478197905,0.0027518949653950633,0.23788332767104672,0.004397345090666561,0.03701422413187061,0.005182063977758572,0.9060478459251599,0.01283041885886108,0.02877231287246993,0.008004455909090267,0.03622426638429638,0.006672012981089536,0.02877231287246993,0.008004455909090241,0.033489196290419174,0.006447091001953831,0.03630831063722216,0.006548454265821081,0.7470719146567708,0.002889177649063247,0.2385419289069942,0.0042367322474652115,0.8016159160722898,0.0030243204738206113,0.1862341765308816,0.0011577069382259402,0.3454349969697485,0.005825947391960881,0.30873393222608175,0.009016176250133942,0.16773532462615087,0.036625937510115024,0.28946592630687884,0.00494963670870343,0.16773532462615084,0.036625937510115045,0.23427645129150507,0.003657516539058681,0.28946592630687884,0.00494963670870343,0.609927154302481,0.03315932372163355,0.28224972534473514,0.008275854038355615,0.7955762834194583,0.001643911932058696,0.17439881262072737,0.0010799292497813992,0.2759387813894077,0.0024466037457445806,0.503171318799664,0.0014805168591597846,0.17676683058666978,0.021131695076814186,0.23029674647298098,0.0028051422719387845,0.17676683058666975,0.021131695076814224,0.14440325025946538,0.005130049370404649,0.23029674647298098,0.0028051422719387845,0.6763649600918946,0.009162545604180734,0.23055834304281758,0.004473087811120999,0.7894074936334017,0.003399290349999609,0.19827860478064022,0.0010478539960342495,0.34278931079493324,0.017329482120497706,0.45119954517067,0.012947461630810049,0.1917814213820302,0.023860404335822302,0.2917068105031147,0.017872795472579996,0.1917814213820302,0.023860404335822316,0.16584500662204932,0.010276991495118794,0.2917068105031147,0.017872795472579996,0.685363950184487,0.004780898219806159,0.21604241311715736,0.006783864588591863,0.7881831015286354,0.0044059009143400775,0.2026481211281208,0.0017190633495207915,0.3849122352149264,0.007844797614184457,0.269639774546757,0.00858095744964254,0.20498380050298817,0.047444756510320124,0.329655183427464,0.009134272254863667,0.20498380050298817,0.04744475651032016,0.2639394908503293,0.006669041147592629,0.329655183427464,0.009134272254863667,0.5861741550003133,0.03833827092583007,0.28316946912343266,0.008464008309362786,0.7929979584551873,0.0012892071838726622,0.1754637638291941,0.0011855231506316532
CatBoost,Without Sensitive Attributes + Proxy-Reduced Features,raw_dataset,0.705177936683846,0.0023056383261817206,0.3109580228031025,0.0017966501760791494,0.7628859964548809,0.0051593135493530826,0.44181951844242306,0.0020605178311359548,0.803528107257085,0.003411811838172198,0.18589602687246798,0.0010564951512531371,0.29482206331615396,0.0023056383261817206,0.23711400354511908,0.005159313549353082,0.036249321954584565,0.005395545278133271,0.9084436017129798,0.01288031620300299,0.028493179467096195,0.0070032514802623414,0.035312498825637195,0.0062617946032020345,0.02849317946709618,0.007003251480262317,0.03260227278081933,0.005460382758684732,0.035312498825637195,0.0062617946032020345,0.7480049970864066,0.005241938085672969,0.23774841318004541,0.005024061193717805,0.801466341926341,0.0031695699355457014,0.18690744018072003,0.001116882748477871,0.3485504416190273,0.0025785027506632923,0.30790969866532125,0.006485254048466143,0.16982640914190378,0.03546000633614494,0.2932822596122678,0.0020468913985603287,0.1698264091419038,0.03546000633614489,0.236818440388142,0.0028267069888270216,0.2932822596122678,0.0020468913985603287,0.6089028173636851,0.03306866724411072,0.2819957026457648,0.007631481409660878,0.7954879056238584,0.001168447229595311,0.17520728631080984,0.0010442669601053538,0.2804461073100787,0.0040835384404441025,0.49988080479797253,0.006469143993142129,0.17625801827322035,0.01572337617519109,0.236570646459411,0.005127564741422146,0.17625801827322035,0.015723376175191112,0.14917077513450938,0.005829678665471773,0.236570646459411,0.005127564741422146,0.6763338915269526,0.0049225004024335255,0.22997696224283443,0.005423524471619092,0.7889534621180173,0.0037335753201555946,0.1992050110222609,0.0009979747127460447,0.34600766088240603,0.01019977520274305,0.45057062837098777,0.007395703731338376,0.18912290509471935,0.022851541673283175,0.2970770297579115,0.012348696969731343,0.18912290509471932,0.02285154167328315,0.16970060848584,0.01204300417297351,0.2970770297579115,0.012348696969731343,0.6878267670358119,0.003096656009654953,0.2152612778298856,0.007094847373363125,0.7868239748541442,0.005052293544921284,0.20371335835916335,0.0019947834181904926,0.3861597304186483,0.007460581972781292,0.27124879717724915,0.0039058006837599064,0.19775699540102387,0.033434017835788934,0.33164346218781227,0.009621146851598072,0.19775699540102387,0.03343401783578894,0.2648726572466515,0.006864509273855106,0.33164346218781227,0.009621146851598072,0.5939846583585381,0.026001619305475725,0.2826754194072977,0.0074666447581409265,0.7928440049454379,0.00089466275427402,0.17624555008943815,0.0011538204856762612
MLP,Without Sensitive Attributes + Proxy-Reduced Features,raw_dataset,0.7686796820363819,0.0018901305130487975,0.35666418735624844,0.002681326717716386,0.637547929531118,0.010481673253216571,0.4574101121725004,0.00418508380975067,0.8016804599092806,0.0038174315795013814,0.10786446491403967,0.0007427242693771962,0.23132031796361813,0.0018901305130487975,0.36245207046888195,0.010481673253216571,0.023778058232669975,0.0031036102917959218,0.9171585995377018,0.009774413929864965,0.03633628427572653,0.010516430877228448,0.02276236137395989,0.005491775844394273,0.03633628427572651,0.010516430877228485,0.028525544083529652,0.005845364345525106,0.03633628427572653,0.010516430877228448,0.618532292794615,0.011354061366659956,0.36329956506752187,0.010458295534451026,0.7995589153813208,0.003641108114154792,0.10891998622192067,0.0007943667301608912,0.2765900079722093,0.009874918746500603,0.2611933543064177,0.014518051166339823,0.18027252945148886,0.032331979629506374,0.21797554576976727,0.007019892523240845,0.18027252945148886,0.03233197962950633,0.2095693074606276,0.00495025860492965,0.21797554576976727,0.007019892523240845,0.473164387899661,0.02368638664555617,0.40989047800530615,0.006442406409871062,0.7929583622728609,0.0022209669189062727,0.09873822302483751,0.0006072735253349603,0.25204689528639207,0.004520773294657334,0.429668294032256,0.0055144124692964825,0.2161737619468816,0.027965563394131438,0.1962934646412049,0.002742049477784954,0.21617376194688154,0.02796556339413145,0.13855346800037358,0.004857921061697211,0.21960725009213133,0.02304278223580605,0.5353068465055204,0.01759266780698021,0.3531096082579867,0.009785655350721865,0.7873164514453789,0.00373725862069109,0.11888028885328476,0.0009022888729530637,0.31173834497613717,0.015240068444580776,0.383068765814888,0.01385671883370838,0.21991918938609425,0.025133806660008192,0.24961002049592734,0.009868009209534609,0.21991918938609425,0.025133806660008227,0.16590256670236964,0.00785116244491252,0.24961002049592734,0.009868009209534609,0.5494487404592621,0.00934131547621212,0.3374607276455623,0.0077686772019189025,0.7850023070489682,0.005349877809771528,0.1270862743099747,0.002401968529301286,0.3018901820581587,0.008785028840523259,0.23029802894989843,0.01323639496643328,0.21957890792167953,0.028024522648359033,0.24299426965886223,0.007454803535512664,0.21957890792167953,0.028024522648359067,0.2361184056404806,0.008237319883089312,0.24517835330150684,0.011670534441525177,0.4507511639567248,0.01846092757377298,0.410985904189262,0.0057545170540201146,0.790322375726255,0.0023379084178008504,0.09989797105781875,0.0006839024664976308
Fairlearn-DP,Without Sensitive Attributes + Proxy-Reduced Features,raw_dataset,0.7119630174380289,0.0018744958793329464,0.31389606632412614,0.0018327306154962333,0.7448786302055999,0.007211301390960365,0.4416644533528086,0.0026665241435855224,0.7254491967646358,0.002994894093951531,0.28803698256197097,0.0018744958793329152,0.28803698256197097,0.0018744958793329464,0.25512136979440014,0.007211301390960365,0.023252118627923146,0.0049205221683757405,0.9382476258927233,0.012454464735116896,0.03968670140059307,0.007678772693485318,0.022157782994338737,0.005552497546751733,0.03968670140059307,0.007678772693485298,0.023933129548796984,0.004562397722495371,0.03968670140059307,0.007678772693485318,0.7241478803624787,0.00911045006027007,0.2560087689372248,0.007123130700510143,0.7242549366712299,0.002785572480716056,0.28949165807278654,0.001791004511418609,0.3379046672683289,0.00236018370050127,0.30836402543361074,0.005578150967572829,0.16056884475468902,0.031607145205539124,0.28362964147958075,0.0023977243611918147,0.16056884475468905,0.03160714520553912,0.23380259157641686,0.0037371575307583917,0.28362964147958075,0.0023977243611918147,0.5988734510384868,0.029632597793379078,0.2976144845264007,0.00893876438931352,0.7119249671340426,0.0042826133068593385,0.2679726794425113,0.001783382239170596,0.2827287486747882,0.007587038336038936,0.48655522772614707,0.010512217638768303,0.1891305578252848,0.020032386698652593,0.2377688061213595,0.008345399424295435,0.1891305578252848,0.02003238669865254,0.15159933038869092,0.006975587685448975,0.2377688061213595,0.008345399424295435,0.6521983818138437,0.011694360351362676,0.24742071470546084,0.007144757767125971,0.7075425524211209,0.0029825163349566,0.3124711207363773,0.0012409039568073445,0.3296296875563759,0.008750774118504761,0.4537450710816537,0.008759124831927948,0.18723702181398433,0.011387066601117435,0.2777054867036181,0.01105658282423072,0.18723702181398438,0.011387066601117468,0.16156459849916655,0.009429842836520326,0.2777054867036181,0.01105658282423072,0.6676266254603342,0.006831322644886084,0.23497358249421202,0.006372133386767019,0.7058661454719249,0.0028880205074686203,0.3167471393064216,0.0020501715927329685,0.3614260768034968,0.006904409224383101,0.28258785693092986,0.004768911569806553,0.19825582358538346,0.03590754642577205,0.30719829001515636,0.006790717541062556,0.19825582358538343,0.03590754642577203,0.25339441636272875,0.004387085672162775,0.30719829001515636,0.006790717541062556,0.5821564620814137,0.028987779040985664,0.29865193848384436,0.008600933442950778,0.710467628299539,0.004063062649198642,0.2694953679185267,0.001791944674162052
VFAE,Without Sensitive Attributes + Proxy-Reduced Features,raw_dataset,0.7794172580304164,0.005856062864170127,0.36746928328385,0.005250856150104265,0.6119046795653149,0.023419408192755335,0.45896297750960374,0.004081960654118205,0.8020662844621882,0.0033548691012518267,0.10800854990599626,0.0007478759742363946,0.22058274196958352,0.005856062864170127,0.38809532043468503,0.023419408192755335,0.017428113812568376,0.003657805055015447,0.9339860748230937,0.014713356476211857,0.04372722120383079,0.006633274404318464,0.016837850536541427,0.004656500962881954,0.04372722120383086,0.006633274404318446,0.025719674672949288,0.00430626669562286,0.04372722120383079,0.006633274404318464,0.5890297243014881,0.022048440084368303,0.3891066650965965,0.02335188622158253,0.8001568864200136,0.0031042638939910677,0.10904795821301479,0.0007426926579749273,0.2560857777847404,0.010493690459216973,0.2606857895948392,0.008796967726086173,0.16919849394899703,0.031121072407188997,0.19753799877794248,0.007434674919166318,0.16919849394899705,0.031121072407189,0.20048244787042008,0.0024715386529740465,0.19806057625489631,0.008322129374939344,0.45822170553872843,0.023726944958604737,0.4321815704800359,0.01915525137005048,0.7943365885686717,0.000907015966056997,0.09893451756813912,0.0007397875835241128,0.2639723319913132,0.012112837647412979,0.3909835217022468,0.024882698158761672,0.24639061926174888,0.03534747501617925,0.20584231882059498,0.013048809979375407,0.24639061926174888,0.03534747501617927,0.14579827522102345,0.010014397751705446,0.2473789677537741,0.03434352058499932,0.4973987397177633,0.03662085928521814,0.37712728508974924,0.02161733644054488,0.7874704489653297,0.0036273238129533106,0.11890048524129485,0.0009228103794339579,0.31991735133919075,0.014508967989095383,0.35373150411166954,0.01655400235836509,0.24587102887382786,0.032484341666833366,0.25446565640251656,0.01330522688488084,0.24587102887382786,0.03248434166683335,0.17037270263700519,0.01214058112199029,0.2627197560341065,0.01956305038990725,0.516485922204966,0.024879323416703812,0.3585989128084213,0.01878743240003072,0.7860354112536744,0.004591126293348451,0.1264612743665197,0.0017392900569038019,0.2742977718278198,0.008853079264941483,0.23749484093033052,0.013680851683414172,0.21052436582867845,0.03327181151411562,0.2145952340856819,0.007340748365788094,0.21052436582867845,0.03327181151411565,0.2228042698782758,0.008863026779083471,0.22479817687894296,0.021836112099148854,0.4417779789756591,0.028230172356269245,0.43333633708430475,0.019419345857988983,0.7919485363391249,0.0010061348290139674,0.1000747308929184,0.0007316747835730514
