model,feature_set,accuracy_mean,accuracy_std,precision_mean,precision_std,recall_mean,recall_std,f1_mean,f1_std,auc_mean,auc_std,error_rate_mean,error_rate_std,sex_group_dp_diff_mean,sex_group_dp_diff_std,sex_group_di_ratio_mean,sex_group_di_ratio_std,sex_group_tpr_gap_mean,sex_group_tpr_gap_std,sex_group_fpr_gap_mean,sex_group_fpr_gap_std,sex_group_fnr_gap_mean,sex_group_fnr_gap_std,sex_group_accuracy_gap_mean,sex_group_accuracy_gap_std,sex_group_equalized_odds_diff_mean,sex_group_equalized_odds_diff_std,age_group_dp_diff_mean,age_group_dp_diff_std,age_group_di_ratio_mean,age_group_di_ratio_std,age_group_tpr_gap_mean,age_group_tpr_gap_std,age_group_fpr_gap_mean,age_group_fpr_gap_std,age_group_fnr_gap_mean,age_group_fnr_gap_std,age_group_accuracy_gap_mean,age_group_accuracy_gap_std,age_group_equalized_odds_diff_mean,age_group_equalized_odds_diff_std,income_group_dp_diff_mean,income_group_dp_diff_std,income_group_di_ratio_mean,income_group_di_ratio_std,income_group_tpr_gap_mean,income_group_tpr_gap_std,income_group_fpr_gap_mean,income_group_fpr_gap_std,income_group_fnr_gap_mean,income_group_fnr_gap_std,income_group_accuracy_gap_mean,income_group_accuracy_gap_std,income_group_equalized_odds_diff_mean,income_group_equalized_odds_diff_std,education_group_dp_diff_mean,education_group_dp_diff_std,education_group_di_ratio_mean,education_group_di_ratio_std,education_group_tpr_gap_mean,education_group_tpr_gap_std,education_group_fpr_gap_mean,education_group_fpr_gap_std,education_group_fnr_gap_mean,education_group_fnr_gap_std,education_group_accuracy_gap_mean,education_group_accuracy_gap_std,education_group_equalized_odds_diff_mean,education_group_equalized_odds_diff_std,intersection_group_dp_diff_mean,intersection_group_dp_diff_std,intersection_group_di_ratio_mean,intersection_group_di_ratio_std,intersection_group_tpr_gap_mean,intersection_group_tpr_gap_std,intersection_group_fpr_gap_mean,intersection_group_fpr_gap_std,intersection_group_fnr_gap_mean,intersection_group_fnr_gap_std,intersection_group_accuracy_gap_mean,intersection_group_accuracy_gap_std,intersection_group_equalized_odds_diff_mean,intersection_group_equalized_odds_diff_std
Logistic Regression,Original Features,0.7315042573320719,0.0015163540232339256,0.3113928675711807,0.002408926238607409,0.7652920304863177,0.009989035191524193,0.44266279607774084,0.003946956575716006,0.8224658908873073,0.0037060473846098176,0.2684957426679281,0.0015163540232339256,0.06638375410150922,0.003543498084398534,0.825122603523935,0.00896659744005666,0.017218045893232302,0.013105465140346145,0.06207183081130484,0.0038697588967571916,0.01721804589323232,0.013105465140346202,0.05002928479416038,0.001674972659562471,0.06207183081130484,0.0038697588967571916,0.4782195560475454,0.008298969938106918,0.14094525201529948,0.004644076696101567,0.38426029195533684,0.008262163647402378,0.42165900617191776,0.00767965814002747,0.38426029195533684,0.00826216364740239,0.3360348482814017,0.0050067131363501554,0.42165900617191776,0.00767965814002747,0.3949650684059256,0.007158243954502348,0.34874684793121,0.00553395731502589,0.257048476415802,0.011915458543489415,0.34859388207347736,0.008215947247871083,0.257048476415802,0.011915458543489452,0.2323278658942345,0.006347387287681448,0.34859388207347736,0.008215947247871083,0.41419114137658103,0.010319315530664482,0.35269574224086286,0.008227305898378315,0.22967645454144284,0.019980041601600586,0.3725323902948826,0.010322382195961715,0.22967645454144286,0.019980041601600555,0.24233736547498355,0.006953137305950813,0.3725323902948826,0.010322382195961715,0.5411189636999845,0.005748458761642176,0.11546088567720396,0.004174347815824911,0.4081499383911482,0.018605521056917936,0.4872835320889104,0.00543722705985233,0.4081499383911482,0.01860552105691793,0.3760896594937207,0.004436763300209754,0.4872835320889104,0.00543722705985233
Decision Tree,Original Features,0.7062637969094923,0.012838700236016121,0.2941650809318996,0.00762241823298535,0.7900476991498031,0.02012504499191568,0.4285464663673612,0.006018393878401443,0.817163678702045,0.0035073753048040454,0.2937362030905077,0.012838700236016121,0.043879412073448754,0.021986396002447693,0.8922424937125337,0.05015122804112687,0.020656170242337568,0.014512312638351354,0.04071296359851852,0.02229658015622685,0.020656170242337568,0.014512312638351324,0.034376014795397,0.015469853162199456,0.047185788734309106,0.013471792537071484,0.49235546105561917,0.04040774262834072,0.15337154001024322,0.01601879698830859,0.3730873568239106,0.04444754411711487,0.4398473535440176,0.04305445880453071,0.3730873568239107,0.04444754411711491,0.34749457913817705,0.029746059373026865,0.4398473535440176,0.04305445880453071,0.35987170191868156,0.014792725038490226,0.414866404074364,0.02455335166369199,0.1918843461982281,0.03136407259176382,0.31940381196654954,0.016044757356964038,0.19188434619822817,0.03136407259176386,0.21071944430277306,0.011979557711135872,0.31940381196654954,0.016044757356964038,0.3753281119647998,0.00714569769502823,0.41359602293836817,0.014653639514318152,0.17654297049878412,0.019495745681088226,0.33636143040470107,0.010372121054531997,0.17654297049878412,0.019495745681088222,0.21503757060885326,0.00886796070387144,0.33636143040470107,0.010372121054531997,0.5508892998123919,0.06798180417637627,0.13761198867812424,0.019322948214561445,0.4222682842935265,0.054286160546905736,0.5022220015550704,0.07448504868216013,0.4222682842935265,0.05428616054690572,0.385397580727082,0.04881272527428032,0.5084584218832133,0.06564418692724129
Random Forest,Original Features,0.7348391674550614,0.0020221309164684858,0.3149631084859691,0.0022295248644776085,0.768573781614768,0.008301755085008187,0.44681269441419547,0.003219042522298089,0.8273680755914758,0.003105237729631669,0.2651608325449385,0.0020221309164684858,0.03825555459068458,0.0014692834611331508,0.894142089119808,0.004240955662876664,0.01594033983951897,0.008788508164739096,0.03449923271792306,0.0016273593319435374,0.015940339839518935,0.008788508164739039,0.030988358495857814,0.0014339689609097692,0.03449923271792306,0.0016273593319435374,0.46444546582069834,0.006727096688862436,0.12126446798834838,0.004003904931260391,0.40469003377865054,0.019610498603249656,0.4034565138754848,0.006440921281208335,0.40469003377865054,0.019610498603249652,0.3253378877834697,0.004287282006948536,0.4108421394896551,0.011421081693689694,0.36289502241106747,0.00817584138252984,0.374353728978211,0.007478656443898779,0.22313289345357817,0.017893899984694775,0.3144943796485216,0.007508005839251844,0.22313289345357812,0.017893899984694796,0.21128955988125658,0.005145836610611617,0.3144943796485216,0.007508005839251844,0.38696581217509785,0.017729113445643794,0.3663922814749444,0.013531886111489925,0.21098027893474908,0.01852881374036276,0.34078735181169584,0.01806449244731786,0.21098027893474908,0.018528813740362766,0.2232823415089304,0.011517231215153021,0.34078735181169584,0.01806449244731786,0.5080033892709348,0.004348133832913132,0.10913070978974242,0.0015125193110890871,0.44166359571192276,0.03620843491189749,0.4474190308631738,0.006068402420194914,0.44166359571192276,0.03620843491189752,0.3532147567600382,0.004107285143358274,0.4580810919426453,0.02385053093554985
XGBoost,Original Features,0.8671199936928413,0.0006004883102220988,0.5861491558885603,0.010321113532146884,0.15792456375156744,0.0022906295164134187,0.248782292211076,0.002242649223932779,0.8306008904032811,0.003032846661763359,0.13288000630715863,0.0006004883102220988,0.0038067513796479296,0.0021980936066175686,0.9052572357237636,0.052960352720836025,0.00869530157222575,0.009382676576499742,0.0028480394751674055,0.001403275387374651,0.008695301572225733,0.00938267657649979,0.021252222371155382,0.00400947241594633,0.009655336837079923,0.008525773929938571,0.053050890935656556,0.0028688586740844607,0.06287971462043222,0.011546882846032822,0.12430114331899604,0.012819824140697104,0.028240887304415506,0.0025247289141851438,0.12430114331899604,0.012819824140697123,0.15624350708860807,0.005100885903367131,0.12430114331899604,0.012819824140697104,0.09940731097126104,0.0035806005241546166,0.10833422186772698,0.007821853664314161,0.1942619165086505,0.0059397055750623744,0.055682178495453705,0.0030921032253755803,0.1942619165086505,0.005939705575062364,0.13073604367296504,0.006667912743392913,0.1942619165086505,0.0059397055750623744,0.10566464880138353,0.00361757277886048,0.1315305878147575,0.01066630327379792,0.17822786613830255,0.01624644473724529,0.06044781355759965,0.0051074347604213996,0.17822786613830255,0.0162464447372453,0.14238283484355138,0.006013862943094102,0.17822786613830255,0.01624644473724529,0.06355914530441589,0.0035697456422234294,0.04024821954195203,0.006601777493871486,0.15883111300788388,0.013982220347016645,0.03387118625432354,0.0044375255503292365,0.15883111300788394,0.013982220347016612,0.18331565691733592,0.008582509413679428,0.15883111300788388,0.013982220347016645
LightGBM,Original Features,0.7204746136865342,0.0015465028234128136,0.3065436511731902,0.001712154276296465,0.797205080732797,0.011112840592163635,0.44280654707802214,0.0032130636389412996,0.8304260174428111,0.0030529708868905886,0.2795253863134658,0.0015465028234128136,0.06850391574854559,0.002057549931310189,0.829004323490451,0.006075148142473128,0.015677098747929042,0.010352253446342594,0.06436433394718664,0.002625424801906976,0.015677098747929035,0.01035225344634261,0.05105106611692427,0.0015690118037630003,0.06436433394718664,0.002625424801906976,0.49622324670177387,0.006903948366043974,0.12863677967882015,0.002596251635886685,0.39297146229231583,0.015898088183289867,0.43870368083643874,0.006269854483572705,0.39297146229231583,0.015898088183289825,0.34704823846261473,0.0034622352840954843,0.43870368083643874,0.006269854483572705,0.38438947694198367,0.007017658037372778,0.37699536854109217,0.005378537093997501,0.21556894105714758,0.015007291474145493,0.3411315998030334,0.00640939943049071,0.21556894105714758,0.015007291474145522,0.22629892140924995,0.004559591745498914,0.3411315998030334,0.00640939943049071,0.4114489961883587,0.010213089767405004,0.37125689816381646,0.007908254042638743,0.20622154500849227,0.014109060890445625,0.3712665583521618,0.009040220635919173,0.20622154500849219,0.014109060890445623,0.23850239472160398,0.005158353113354969,0.3712665583521618,0.009040220635919173,0.5812662177669846,0.00499836523987824,0.10805639512326462,0.004188139749699143,0.45211436578159364,0.027449662819250497,0.527845514702183,0.0058949554960922345,0.45211436578159353,0.027449662819250452,0.40116051555269416,0.004169902006974341,0.527845514702183,0.0058949554960922345
CatBoost,Original Features,0.8670017344686218,0.000685098775062565,0.5890458723248722,0.01221690287914773,0.15079503451830542,0.002257548493049704,0.24008768096733543,0.00238024657291729,0.8296070277588858,0.0031147257204054532,0.1329982655313781,0.000685098775062565,0.004136702237575512,0.0013054516417893296,0.8912299698567271,0.03393125038773705,0.006659597841543491,0.006042173544951566,0.002441248626230298,0.0015559781791182538,0.006659597841543486,0.006042173544951583,0.02104140213224317,0.003651035134825153,0.007323149953508662,0.005437662623438134,0.05546384120917515,0.0029527482862486006,0.029988484178824847,0.008519059083230132,0.1374370310596218,0.014267812094756912,0.029642248224085333,0.0024821423751906152,0.1374370310596218,0.0142678120947569,0.1563804831836047,0.005170020785993745,0.1374370310596218,0.014267812094756912,0.09525393119837056,0.003026633683695893,0.1041398805600843,0.0035377186773864573,0.18902390480131834,0.010270811678479558,0.05290253709770058,0.002332854583879571,0.18902390480131837,0.0102708116784796,0.13083512251163615,0.0063608643567684,0.18902390480131834,0.010270811678479558,0.10309068794750473,0.004469026378119549,0.1258679358652217,0.009949429394488873,0.17904049547816223,0.015668672841708607,0.05806735107703263,0.006287376913050644,0.1790404954781622,0.015668672841708604,0.1415645784395486,0.00768212424800725,0.17904049547816223,0.015668672841708607,0.06688772539396284,0.0024427776637359015,0.017139792010762704,0.004496312196061868,0.16276091123164316,0.013032034539119813,0.036003235767597175,0.003568833956512634,0.16276091123164313,0.013032034539119832,0.18376063556277444,0.008315282585320492,0.16276091123164316,0.013032034539119813
Stacking Ensemble,Original Features,0.8661345001576789,0.00043482494273857866,0.5684032579721605,0.008083042361055934,0.1636114133006575,0.005569789995566223,0.25400953601856746,0.006139793738114931,0.8275057600900515,0.0031873558321294047,0.13386549984232105,0.00043482494273857866,0.0019771952632504225,0.0012032973911295167,0.9519616765138748,0.02887691469628214,0.02891842449547426,0.008595198347054201,0.0019030286194449777,0.0012648571503250992,0.02891842449547426,0.00859519834705421,0.02101047360565369,0.003100688969486994,0.02891842449547426,0.008595198347054201,0.057935911307649746,0.003977578680265456,0.050129847370612844,0.013875490862945003,0.13757382790831887,0.010617450591828153,0.03258142288757682,0.0032479495851837448,0.1375738279083189,0.010617450591828104,0.1583429033226909,0.005031862068562938,0.13757382790831887,0.010617450591828153,0.10996120438921837,0.002518079249385713,0.0968440925626751,0.005439066753972924,0.21499300439682037,0.004464524009459994,0.06356313278207223,0.0019195146713751427,0.21499300439682037,0.004464524009460005,0.1321481674062877,0.006663328174322735,0.21499300439682037,0.004464524009459994,0.11000671801515767,0.00418308685710594,0.12837063416679415,0.008615894906206619,0.18563724041198718,0.01608821191457262,0.06413490537009954,0.0038867790332902425,0.18563724041198715,0.016088211914572645,0.14336097359845587,0.005906491685190009,0.18563724041198718,0.01608821191457262,0.05963290612544318,0.004130826638595753,0.03353259390738267,0.013207772195445309,0.17389322833442705,0.01211228167045598,0.03403737837275835,0.0026990242923664296,0.17389322833442705,0.012112281670455971,0.1848015633590429,0.007941076105389452,0.17389322833442705,0.01211228167045598
Logistic Regression,Without Sensitive Attributes,0.7311573636076948,0.0011478355888998937,0.30825618692903317,0.002113402181694935,0.7472135905060304,0.010922603784277245,0.4364501174450114,0.003849961416779946,0.8140700087164155,0.0038883330181819797,0.2688426363923052,0.0011478355888998937,0.014446913723777755,0.0014179131620034476,0.9582306102540704,0.004026005291822277,0.05148726559979451,0.010426075022416794,0.013152042117755457,0.0016089880596405102,0.05148726559979454,0.010426075022416775,0.018137868993436723,0.0006547446014325223,0.05148726559979451,0.010426075022416794,0.3308212288029262,0.005991308513413401,0.30086811704815336,0.007263171877666603,0.1504145338376464,0.015547537144469733,0.27591498640613354,0.005420802507229208,0.15041453383764636,0.01554753714446976,0.23211034052054388,0.0038782250463091513,0.27591498640613354,0.005420802507229208,0.4016445183128436,0.004484447300432253,0.3437530252733853,0.0035590458969297634,0.26811283676099007,0.012241393730867155,0.35728732025709775,0.0056056209823989725,0.26811283676099007,0.012241393730867165,0.23867967101255677,0.005712601646535337,0.35728732025709775,0.0056056209823989725,0.42405741812648545,0.009768510137224023,0.3368613440740454,0.006915159157642098,0.2552764475552757,0.01903148675701707,0.38204319469958176,0.011812800505679967,0.2552764475552757,0.01903148675701707,0.24915802915708932,0.009041352281956981,0.38204319469958176,0.011812800505679967,0.3403524482288129,0.005715964957301438,0.28760036411795886,0.006843278037575137,0.21303797364881233,0.012852500241280117,0.28493144875493465,0.004334425660046968,0.21303797364881233,0.01285250024128012,0.24236472851873936,0.0023813402918467425,0.28493144875493465,0.004334425660046968
Decision Tree,Without Sensitive Attributes,0.7124763481551561,0.008245199847582782,0.29503387796699954,0.004691145653226,0.7646973468035727,0.01478125763888123,0.42571060670668104,0.0030196390067125634,0.809050639988679,0.0031358692935668916,0.2875236518448439,0.008245199847582782,0.0250159688086526,0.0047998705157020795,0.9333978893792582,0.011872403178233343,0.04511528292117397,0.007030739407074084,0.024603789339097716,0.005906286201923435,0.045115282921173956,0.00703073940707406,0.026113619271914447,0.005158942422427674,0.04511528292117397,0.007030739407074084,0.3204715438512794,0.012740142500909251,0.3389805673538465,0.013367764018458616,0.14057952230040038,0.015823038446384725,0.26655493606501446,0.01338941371798881,0.14057952230040038,0.015823038446384774,0.2203907224900045,0.008950214677243504,0.26655493606501446,0.01338941371798881,0.36085981101295983,0.012077744383548522,0.402263135741737,0.02010597781817801,0.21582389495360327,0.027998888980713104,0.3185666411214877,0.010994530090182931,0.21582389495360327,0.027998888980713114,0.21135575165462434,0.006636403585872622,0.3185666411214877,0.010994530090182931,0.380997730278612,0.01537622014918219,0.394555365171121,0.020744870046407526,0.20206297731359052,0.02885067316136027,0.34067866946835534,0.015937183901361947,0.20206297731359052,0.028850673161360276,0.22057455542098686,0.010457304876463212,0.34067866946835534,0.015937183901361947,0.3442585550167065,0.015441149754285075,0.30691200384464323,0.014185520095717746,0.19125696009000231,0.021583536463344752,0.29089845349890336,0.01654095036207637,0.19125696009000231,0.021583536463344745,0.24268612966664999,0.010077242132870841,0.29089845349890336,0.01654095036207637
Random Forest,Without Sensitive Attributes,0.7305976032797225,0.0021957981354523612,0.30877651592320216,0.001756847831715052,0.7536641026631208,0.008980852874407464,0.43806342679342086,0.0025567322036183253,0.8177108466280218,0.0033025865655384626,0.26940239672027755,0.0021957981354523612,0.018233766377932593,0.0017111846869878318,0.9479619877550375,0.004656763572504396,0.052643116108784846,0.005440185641896309,0.017637589875739434,0.002883955824507448,0.05264311610878486,0.005440185641896301,0.021968059523729398,0.002317759189132227,0.052643116108784846,0.005440185641896309,0.33328251759480604,0.005302710620363142,0.29583737879278776,0.004727799240038972,0.15347107317250022,0.027363061914131074,0.2770040547413477,0.004392311410914711,0.15347107317250022,0.027363061914131046,0.2322197644547377,0.002934661829924281,0.2770040547413477,0.004392311410914711,0.36813357867356755,0.005547762466225241,0.37153938490218585,0.0054436283815032785,0.2413840001858656,0.014891929579522817,0.3202228042074135,0.005770045821798417,0.24138400018586553,0.014891929579522819,0.213954029020803,0.004967321647741609,0.3202228042074135,0.005770045821798417,0.3919628827297766,0.016365901093480247,0.36066248947831536,0.011911181327663152,0.2278714158789577,0.01939191189743297,0.34676989977239125,0.018700399644212343,0.2278714158789577,0.01939191189743293,0.2272950116564043,0.01302114333581171,0.34676989977239125,0.018700399644212343,0.348477749127862,0.005646144613431265,0.272552124597041,0.006493064843847791,0.209030268234778,0.022314105973792138,0.2924264066828962,0.004928112705228485,0.20903026823477805,0.02231410597379212,0.24840333874295828,0.002891881664453915,0.2924264066828962,0.004928112705228485
XGBoost,Without Sensitive Attributes,0.8663670766319772,0.00048359524386571004,0.5809884038636497,0.00858270952514865,0.14697564099921906,0.002421514410996725,0.2345812338392565,0.0028142459476775484,0.8204158609905636,0.0032970632651385477,0.1336329233680227,0.00048359524386571,0.006595069170644859,0.0009459948587925755,0.8275322838117308,0.020891837451636835,0.04742162665642384,0.010794314688335223,0.0032100238612528973,0.001308403957685392,0.04742162665642387,0.010794314688335199,0.022257542444985613,0.0040868789026869655,0.04742162665642384,0.010794314688335223,0.03863104615047516,0.00217963621087381,0.18882921732231298,0.019373975166647153,0.06441708981768472,0.007469994231001744,0.02035362423247167,0.0018650200411940829,0.06441708981768476,0.007469994231001752,0.15705282920249083,0.004376077355983166,0.06441708981768472,0.007469994231001744,0.09568935112623991,0.0023032283594313988,0.10151016025547548,0.0017343626024908458,0.19014605558666497,0.007912561462238347,0.05363500503468001,0.001263223198797193,0.190146055586665,0.007912561462238366,0.1315001024975964,0.006331187373789821,0.19014605558666497,0.007912561462238347,0.10053662557094604,0.003364017601710931,0.12897627572081966,0.00951018001255223,0.17181023996064573,0.015138523551273696,0.05757352717930002,0.005345723206518839,0.17181023996064576,0.015138523551273708,0.14333386933318418,0.0070338485846273245,0.17181023996064573,0.015138523551273696,0.043341013992972036,0.0030688577294362,0.15746977844248275,0.02078335442955822,0.11355063613751652,0.02065542472617161,0.023131838220562834,0.0011806321092650918,0.11355063613751652,0.02065542472617164,0.18469808053803957,0.008012371231884917,0.11355063613751652,0.02065542472617161
LightGBM,Without Sensitive Attributes,0.7180857773573005,0.0016267749276350036,0.3017040448077834,0.0023753556104059454,0.7785041967608438,0.009118663562334343,0.4348724002144867,0.0037668204665840792,0.8200944500089584,0.0034018905548535124,0.2819142226426995,0.0016267749276350036,0.024411960742076022,0.001275965646410075,0.9345804429626341,0.003511066124093549,0.040482378196116754,0.009489073364848166,0.022676779348783573,0.0009634635434333897,0.04048237819611673,0.009489073364848132,0.023623810131850952,0.0011965890790445995,0.040482378196116754,0.009489073364848166,0.34944466939633656,0.004415472555083035,0.30385098538647765,0.005170710916921004,0.16021024780255028,0.019077762714963076,0.2935424947682477,0.00323389989665484,0.16021024780255033,0.019077762714963094,0.23835232355667996,0.002488557971221699,0.2935424947682477,0.00323389989665484,0.3929815409376971,0.005634634019772471,0.3671344096399228,0.0052318793570799715,0.24216518188712444,0.016720200887049726,0.3498546728813162,0.0036463191278442637,0.24216518188712444,0.01672020088704976,0.23146241730900474,0.003075915853517506,0.3498546728813162,0.0036463191278442637,0.4175285412339368,0.016448539366486332,0.36255026147834324,0.011637751891178343,0.22080481577017816,0.016900020704841263,0.38029028512320695,0.017164522936669806,0.22080481577017821,0.01690002070484122,0.24675345510235921,0.011140372849354622,0.38029028512320695,0.017164522936669806,0.37062286329560273,0.0031392288531659537,0.28016209275494325,0.005131487181735272,0.21501357113946637,0.0152776521856565,0.31414271290793294,0.0025436888388542848,0.21501357113946643,0.015277652185656463,0.2552848625517644,0.00243487599015512,0.31414271290793294,0.0025436888388542848
CatBoost,Without Sensitive Attributes,0.8663237149164301,0.00036699546371611613,0.5857119568871538,0.0077877909476668505,0.1389407343215982,0.0021951744382218514,0.22458067129391007,0.0024377366156195257,0.819859642792782,0.0034263040588303384,0.13367628508356985,0.00036699546371611613,0.006526759067539997,0.0009157609641963717,0.818828226991732,0.019804485205238545,0.04514836583951667,0.008724418117768232,0.003331093112677653,0.0009228261651990495,0.045148365839516647,0.008724418117768244,0.022036358960805934,0.0034920479724384573,0.04514836583951667,0.008724418117768232,0.03716523186889585,0.0019419583285077444,0.1759760716580042,0.018563522544675803,0.06653454875420954,0.007679322884985828,0.0195254071106019,0.0019839007395517937,0.06653454875420954,0.007679322884985861,0.1574069733476281,0.004829604231265746,0.06653454875420954,0.007679322884985828,0.09441027217854549,0.003580704032815763,0.08633004147365575,0.0034459552992304426,0.19404135995714303,0.01134009701706311,0.052573108615566785,0.0025567969041264413,0.19404135995714303,0.01134009701706308,0.13146850841200308,0.007479076270194152,0.19404135995714303,0.01134009701706311,0.1003477852813508,0.004138135511626731,0.11434147410119881,0.0065964782770252285,0.17797230777094347,0.008856577281386868,0.05708982850680629,0.004852453813870737,0.17797230777094347,0.008856577281386838,0.14315504872718005,0.005783185806940677,0.17797230777094347,0.008856577281386868,0.04187754126217072,0.003091222063145958,0.14364792426204653,0.016939207661530925,0.11231776486468195,0.006665256049403851,0.02244807872975733,0.00166580710955648,0.1123177648646819,0.006665256049403869,0.1849665262352546,0.008088642354389433,0.11231776486468195,0.006665256049403851
Stacking Ensemble,Without Sensitive Attributes,0.8657876064333019,0.0005959751274757761,0.5721136919803056,0.010551158021760177,0.14629678799579734,0.00427277978104285,0.2329561554295445,0.005032955864120494,0.8181525303073724,0.0035272411975204028,0.13421239356669817,0.0005959751274757762,0.006909342773643838,0.0016886054179887499,0.8218531159641345,0.040120092757024474,0.04724872628831407,0.01006600018267511,0.0035723135007416904,0.001643239841361468,0.04724872628831407,0.01006600018267513,0.02192574635045519,0.0030920615355701296,0.04724872628831407,0.01006600018267511,0.03931574499417746,0.0023814471028295796,0.18565528016629068,0.011980455773389588,0.06714692697113761,0.009182814159412075,0.02102124702734018,0.002095093988719213,0.06714692697113762,0.009182814159412092,0.15737958439244248,0.004705244299759981,0.06714692697113761,0.009182814159412075,0.10315614385160612,0.0025785830003911252,0.08486285761162102,0.008557904595782201,0.20769610846864234,0.005203372261469996,0.05919263847061218,0.003380435135419508,0.2076961084686423,0.005203372261469969,0.13266019947914323,0.006605539053711998,0.20769610846864234,0.005203372261469996,0.09950600507674119,0.00479762081084465,0.12140090274363173,0.009624409162627773,0.17186270047051871,0.012477808891781555,0.05762038629952719,0.00523634555810219,0.1718627004705187,0.01247780889178156,0.14457769305592638,0.004359484132810498,0.17186270047051871,0.012477808891781555,0.044152908948797184,0.003195057058290268,0.15331725925902964,0.010225144187359808,0.11592727550124851,0.01792117961537633,0.02414224860853855,0.002273689630994652,0.11592727550124853,0.017921179615376343,0.18443948728908696,0.007270501275767353,0.11592727550124851,0.01792117961537633
Logistic Regression,Without Sensitive Attributes + Proxy-Reduced Features,0.7293598233995585,0.0009680336003317692,0.3065331507094455,0.0022416192115189216,0.7466477476112908,0.010745049329270645,0.43462607278646814,0.004009205667554045,0.8125814882573366,0.004032054289570922,0.2706401766004415,0.0009680336003317692,0.026150548765830395,0.0011973482579301943,0.9261338804557534,0.003228811712152262,0.03904844467613875,0.011655624471303574,0.024815114068265164,0.0015915974372956426,0.039048444676138785,0.011655624471303545,0.026361836204738663,0.0011138426262149983,0.040075920259514355,0.009671705678708805,0.3244436936889829,0.006049900972694926,0.30782259130367584,0.006144586607567233,0.15507559553558004,0.01417537422773599,0.2690752401985301,0.005254065011924943,0.15507559553558004,0.014175374227736025,0.22688034910743865,0.003428208317356585,0.2690752401985301,0.005254065011924943,0.32603475994298753,0.005188687005310864,0.41883819291076696,0.004696579751372128,0.19845998558758346,0.015701495609765678,0.27744577902683487,0.004790817957579275,0.19845998558758346,0.015701495609765716,0.18610287810461884,0.00297823525284672,0.27744577902683487,0.004790817957579275,0.3544624424590327,0.01201890003502427,0.3998240908813773,0.009493302398098986,0.19414642190237488,0.010494111458685427,0.30778850645781697,0.011832579845661058,0.19414642190237485,0.01049411145868543,0.20206833076017214,0.007303733558716961,0.30778850645781697,0.011832579845661058,0.34824413972191276,0.006346945614667989,0.2820293230673596,0.006559844351976118,0.2123502837669537,0.0156293168529128,0.2921260509969402,0.0061652323484892475,0.21235028376695367,0.0156293168529128,0.24646045555970808,0.004020217176376114,0.2921260509969402,0.0061652323484892475
Decision Tree,Without Sensitive Attributes + Proxy-Reduced Features,0.715030747398297,0.006270254796135402,0.2965266554284213,0.0042495101960916565,0.7611892233016119,0.011202736863342215,0.4267517443731438,0.003987464997544552,0.8092529393768719,0.0034713326014080186,0.28496925260170297,0.006270254796135403,0.03194171300003379,0.0014319984976654892,0.9148949537403628,0.005115398670677945,0.038233438360765225,0.00846091108066472,0.031547981593654496,0.0016296080493597763,0.03823343836076521,0.008460911080664713,0.0312607493951242,0.0016396398014101928,0.039866397053915814,0.005694884462672662,0.3170949149432046,0.011048393660593873,0.3363070376467777,0.0183384414991992,0.1412450540843197,0.017021571462677652,0.2626178340965519,0.01147457805213757,0.1412450540843197,0.017021571462677694,0.21872634174493738,0.009893394218807977,0.2626178340965519,0.01147457805213757,0.32567236755015605,0.00890921556057061,0.43770982111630374,0.015167819215602008,0.1853925191142835,0.022897202400024158,0.28071231592078255,0.006980591389574168,0.1853925191142835,0.022897202400024148,0.18605204748914395,0.004025610582206911,0.28071231592078255,0.006980591389574168,0.357315093268067,0.013832204261360373,0.41488406160397845,0.015536507045303625,0.18341133081171765,0.022861004033609425,0.3145032053861826,0.01460190977949129,0.18341133081171768,0.022861004033609435,0.20386253735748278,0.009445380308647337,0.3145032053861826,0.01460190977949129,0.34832333742383403,0.011531376229659187,0.2971225628462477,0.016250164834419847,0.19274625453768754,0.023867925292988933,0.29340480592234475,0.013001453156498354,0.1927462545376875,0.023867925292988944,0.24448927188305786,0.01022864190724969,0.29340480592234475,0.013001453156498354
Random Forest,Without Sensitive Attributes + Proxy-Reduced Features,0.7268921475875119,0.0019719033663232253,0.3059126766270855,0.00162723815588359,0.7566347798613904,0.00928665331616342,0.43566833004712563,0.0026306461248418946,0.8159359084151406,0.0034953725882337734,0.27310785241248814,0.0019719033663232253,0.03049024187274666,0.002646126920789579,0.9157099659281089,0.007082930311593282,0.03688213983154458,0.008941150382481973,0.029379804297377677,0.003317251563327636,0.036882139831544626,0.008941150382481956,0.02966007598905813,0.0017264248319594387,0.03888613163669193,0.006060573474416134,0.329649919956754,0.0060264199263246054,0.3028808824684196,0.005317141753889247,0.15647788043364813,0.02170627083071838,0.27295881688040996,0.005452480731978139,0.15647788043364813,0.021706270830718362,0.22830784515241254,0.003334461993695146,0.27295881688040996,0.005452480731978139,0.3098578798205197,0.004000010201304881,0.44096479371453956,0.002070663159554949,0.1757766235061137,0.013830945442932365,0.2610645020089087,0.004309813887619984,0.1757766235061137,0.013830945442932407,0.17491344045517165,0.004319757749842386,0.2610645020089087,0.004309813887619984,0.34443375696304634,0.015517290515109946,0.41362983773505746,0.010523258160830808,0.1750595804486768,0.013033681925607084,0.2983220763400974,0.016606404471943215,0.1750595804486768,0.013033681925607095,0.19618846443703322,0.010386197626814494,0.2983220763400974,0.016606404471943215,0.35942209964745475,0.007409380203703454,0.2672964086098684,0.008284349247465059,0.2018301058529473,0.024075680650612413,0.3016208774971777,0.007660825430253778,0.2018301058529473,0.0240756806506124,0.25207864736392527,0.00455833789658612,0.3016208774971777,0.007660825430253778
XGBoost,Without Sensitive Attributes + Proxy-Reduced Features,0.8662409334594766,0.0005523337407445609,0.5798710862293224,0.009821359934501677,0.14553270920326072,0.0023147662256690752,0.23264628461800113,0.002649698011532461,0.8187306589728387,0.0034860422600196854,0.13375906654052347,0.0005523337407445609,0.004709898434909481,0.001218467477342251,0.8734235263315752,0.03031286158115563,0.0401198734685023,0.008017575593321379,0.0021791205219199175,0.00107992050092102,0.04011987346850228,0.008017575593321372,0.022144390330461183,0.0033303509091857407,0.0401198734685023,0.008017575593321379,0.03712550486053255,0.0019545838629257194,0.19904371240808172,0.01728260174589674,0.061600602112831845,0.006300347585580679,0.019267473295788148,0.001773184555827943,0.061600602112831894,0.006300347585580675,0.15678362569233692,0.0047363739147880364,0.061600602112831845,0.006300347585580679,0.08094916812436917,0.0028990159880113242,0.14539086873385154,0.006842966914626141,0.1492150968736747,0.008363933139673938,0.04445811890413618,0.00199016026393921,0.14921509687367468,0.008363933139673952,0.13181593193104196,0.007049217113746557,0.1492150968736747,0.008363933139673938,0.08063242021527342,0.002284640510474706,0.16702096607694464,0.011547333294597811,0.1279333490435824,0.015704724641932972,0.04468680740904655,0.003994886196922547,0.1279333490435824,0.01570472464193292,0.14386717243625874,0.00687163349105742,0.1279333490435824,0.015704724641932972,0.03992744978715319,0.0026081798745580505,0.17273579150439392,0.015692746567793906,0.11101858937089051,0.00929037801684344,0.021229131852464174,0.0014409426759004094,0.11101858937089051,0.00929037801684342,0.18416992084863665,0.00770667602980767,0.11101858937089051,0.00929037801684344
LightGBM,Without Sensitive Attributes + Proxy-Reduced Features,0.71808183538316,0.001964748879218227,0.30125727074595976,0.002061302213084681,0.7755901206595004,0.007962696587757724,0.4339511866425319,0.0030497166458067363,0.8183182979833985,0.0036867198945768277,0.2819181646168401,0.001964748879218227,0.03903715355732906,0.001491812226384562,0.8974074492731052,0.0043394826282414445,0.026830033337454262,0.008593411204290318,0.037542353344066984,0.001745903164787795,0.026830033337454307,0.008593411204290318,0.03452569288429168,0.0015677900174096223,0.037542353344066984,0.001745903164787795,0.34047620572642534,0.005998766854457747,0.3073858935227468,0.005428918564595733,0.159125745495192,0.020893187025591873,0.28389393327035506,0.005515847449190796,0.159125745495192,0.0208931870255919,0.2324093345615937,0.003674430662107777,0.28389393327035506,0.005515847449190796,0.31995023335938066,0.0041831561109847626,0.4434399517273769,0.005220401570593662,0.1736482885661501,0.019810808227013418,0.27314224462132347,0.003134082043760097,0.17364828856615017,0.019810808227013445,0.1803632012617185,0.0044981539107095065,0.27314224462132347,0.003134082043760097,0.35718491609214426,0.013879102844746407,0.4148444025929122,0.01095030303685906,0.17389961166576823,0.00876071464198757,0.3139683691880743,0.013925573924583797,0.17389961166576823,0.008760714641987561,0.2037096747805318,0.008008763133695904,0.3139683691880743,0.013925573924583797,0.3782570561132127,0.005701352225744175,0.26887957503338644,0.0057184574802121016,0.20007053008649406,0.024451037131003793,0.321518229885079,0.005984992578602107,0.200070530086494,0.024451037131003838,0.26086772425697347,0.004200604031049651,0.321518229885079,0.005984992578602107
CatBoost,Without Sensitive Attributes + Proxy-Reduced Features,0.8662212235887733,0.0005781076771677264,0.5850072264890386,0.010382852049689424,0.13738466836195168,0.0015298512888434663,0.2225003560549584,0.0020666924691538253,0.8183896370588217,0.003622028834102413,0.13377877641122676,0.0005781076771677264,0.004207669043062906,0.0009993315055463585,0.8786541049442238,0.027811727780096013,0.036936763621065,0.009122975746519728,0.0019409908357118297,0.0012045278383572364,0.036936763621065016,0.00912297574651976,0.022108550485981593,0.003524882964829125,0.036936763621065,0.009122975746519728,0.03555407588810022,0.0016449109999185656,0.18756022772734693,0.0172674748749713,0.06320855259083702,0.010217750891909396,0.018523373359210168,0.001437119533051985,0.06320855259083699,0.010217750891909422,0.15737637154027748,0.00441826198405955,0.06320855259083702,0.010217750891909396,0.07861314747457411,0.0033846387754162036,0.13696335458168368,0.008664928786997945,0.14781671439984337,0.008521742326403507,0.042953289248369345,0.0023535600003875036,0.14781671439984337,0.00852174232640351,0.13208105939318576,0.007050125112423945,0.14781671439984337,0.008521742326403507,0.07753595837293095,0.004299001427286548,0.15992660332835168,0.01218487423187955,0.12394755637090751,0.01751249350448391,0.043239423643141386,0.004078673804418485,0.12394755637090751,0.017512493504483896,0.14508878838260914,0.005892214103628914,0.12394755637090751,0.01751249350448391,0.038345273709780955,0.002376789519783161,0.16029068658559054,0.01714951840235614,0.10847506634156416,0.006453180092193501,0.020211163305793457,0.0011072185324070673,0.10847506634156415,0.006453180092193498,0.1851256259595831,0.007436826949068901,0.10847506634156416,0.006453180092193501
Stacking Ensemble,Without Sensitive Attributes + Proxy-Reduced Features,0.8657797224850207,0.00038050771933011146,0.5734612513212852,0.00702838970456348,0.14343910089733786,0.0022709364166933785,0.22945980533728144,0.002598385495446167,0.8169247658073588,0.0036210328295897885,0.1342202775149795,0.00038050771933011146,0.004443475319798144,0.0017929178798358199,0.8802291803434066,0.04741421838858939,0.03712125421801275,0.01054344863111204,0.002303653521977622,0.0013472671490427277,0.03712125421801275,0.010543448631112083,0.021656086057901768,0.003448147559291922,0.03712125421801275,0.01054344863111204,0.037083763684191785,0.0013979838999701594,0.1984001396143092,0.015956841140685053,0.06335484870149226,0.0071277252339289774,0.01961765442323222,0.0014886729967064053,0.06335484870149226,0.007127725233928953,0.15734578488774073,0.004879471596861195,0.06335484870149226,0.0071277252339289774,0.0841855746909851,0.0033029358790780824,0.13454477052509814,0.006311262554926899,0.15690611880254793,0.00600874237555622,0.047168993453940586,0.0026675589166731606,0.1569061188025479,0.0060087423755561965,0.1327737565605926,0.006659121143674925,0.15690611880254793,0.00600874237555622,0.08233229546223468,0.0028416402117830107,0.16030384704556108,0.014222561982319722,0.13237054897791656,0.016473708115044904,0.04632491196317891,0.0037167811677017507,0.13237054897791659,0.016473708115044897,0.14462958951820598,0.005869226928086884,0.13237054897791656,0.016473708115044904,0.039728342729070214,0.0022410879446328994,0.1762489969096186,0.017693869086465704,0.11127192932557387,0.009879707292996684,0.021894102463671485,0.001611819228161018,0.11127192932557388,0.009879707292996621,0.1840564750497709,0.0071424941412931795,0.11127192932557387,0.009879707292996684
